path,import_name,classification,status,detail
latticeguard/__init__.py,<none>,no_imports,PASS,
latticeguard/adapter_contracts.py,__future__,stdlib,PASS,
latticeguard/adapter_reference_agreement.py,__future__,stdlib,PASS,
latticeguard/adapter_reference_agreement.py,csv,stdlib,PASS,
latticeguard/adapter_reference_agreement.py,json,stdlib,PASS,
latticeguard/adapter_reference_agreement.py,pathlib,stdlib,PASS,
latticeguard/artifact_depth.py,__future__,stdlib,PASS,
latticeguard/artifact_depth.py,csv,stdlib,PASS,
latticeguard/artifact_depth.py,json,stdlib,PASS,
latticeguard/artifact_depth.py,pathlib,stdlib,PASS,
latticeguard/artifact_index.py,__future__,stdlib,PASS,
latticeguard/artifact_index.py,csv,stdlib,PASS,
latticeguard/artifact_index.py,hashlib,stdlib,PASS,
latticeguard/artifact_index.py,json,stdlib,PASS,
latticeguard/artifact_index.py,pathlib,stdlib,PASS,
latticeguard/artifact_index.py,typing,stdlib,PASS,
latticeguard/artifact_integrity_check.py,__future__,stdlib,PASS,
latticeguard/artifact_integrity_check.py,csv,stdlib,PASS,
latticeguard/artifact_integrity_check.py,json,stdlib,PASS,
latticeguard/artifact_integrity_check.py,pathlib,stdlib,PASS,
latticeguard/audit_attack_surface.py,__future__,stdlib,PASS,
latticeguard/audit_lenses.py,__future__,stdlib,PASS,
latticeguard/audit_playbook.py,__future__,stdlib,PASS,
latticeguard/audit_playbook.py,dataclasses,stdlib,PASS,
latticeguard/audit_score.py,__future__,stdlib,PASS,
latticeguard/audit_score_model.py,__future__,stdlib,PASS,
latticeguard/audit_score_model.py,dataclasses,stdlib,PASS,
latticeguard/baseline_catalog.py,__future__,stdlib,PASS,
latticeguard/benchmark_funnel.py,__future__,stdlib,PASS,
latticeguard/benchmark_funnel.py,csv,stdlib,PASS,
latticeguard/benchmark_funnel.py,pathlib,stdlib,PASS,
latticeguard/benchmark_importers.py,__future__,stdlib,PASS,
latticeguard/benchmark_importers.py,csv,stdlib,PASS,
latticeguard/benchmark_importers.py,dataclasses,stdlib,PASS,
latticeguard/benchmark_importers.py,hashlib,stdlib,PASS,
latticeguard/benchmark_importers.py,json,stdlib,PASS,
latticeguard/benchmark_importers.py,pathlib,stdlib,PASS,
latticeguard/benchmark_importers.py,re,stdlib,PASS,
latticeguard/benchmark_importers.py,typing,stdlib,PASS,
latticeguard/claim_traceability.py,__future__,stdlib,PASS,
latticeguard/claim_traceability.py,csv,stdlib,PASS,
latticeguard/claim_traceability.py,json,stdlib,PASS,
latticeguard/claim_traceability.py,pathlib,stdlib,PASS,
latticeguard/claim_traceability.py,re,stdlib,PASS,
latticeguard/content_residue_gate.py,__future__,stdlib,PASS,
latticeguard/content_residue_gate.py,csv,stdlib,PASS,
latticeguard/content_residue_gate.py,json,stdlib,PASS,
latticeguard/content_residue_gate.py,pathlib,stdlib,PASS,
latticeguard/content_residue_gate.py,re,stdlib,PASS,
latticeguard/content_residue_gate.py,typing,stdlib,PASS,
latticeguard/corpus_import_audit.py,__future__,stdlib,PASS,
latticeguard/corpus_import_audit.py,csv,stdlib,PASS,
latticeguard/corpus_import_audit.py,pathlib,stdlib,PASS,
latticeguard/counterexample_analysis.py,__future__,stdlib,PASS,
latticeguard/counterexample_analysis.py,collections,stdlib,PASS,
latticeguard/counterexample_analysis.py,csv,stdlib,PASS,
latticeguard/counterexample_analysis.py,json,stdlib,PASS,
latticeguard/counterexample_analysis.py,pathlib,stdlib,PASS,
latticeguard/coverage_lattice.py,__future__,stdlib,PASS,
latticeguard/coverage_lattice.py,csv,stdlib,PASS,
latticeguard/coverage_lattice.py,pathlib,stdlib,PASS,
latticeguard/decision_table.py,__future__,stdlib,PASS,
latticeguard/decision_table.py,typing,stdlib,PASS,
latticeguard/denominator_integrity_gate.py,__future__,stdlib,PASS,
latticeguard/denominator_integrity_gate.py,csv,stdlib,PASS,
latticeguard/denominator_integrity_gate.py,json,stdlib,PASS,
latticeguard/denominator_integrity_gate.py,pathlib,stdlib,PASS,
latticeguard/denominator_integrity_gate.py,typing,stdlib,PASS,
latticeguard/dependency_provenance_gate.py,__future__,stdlib,PASS,
latticeguard/dependency_provenance_gate.py,csv,stdlib,PASS,
latticeguard/dependency_provenance_gate.py,importlib,stdlib,PASS,
latticeguard/dependency_provenance_gate.py,json,stdlib,PASS,
latticeguard/dependency_provenance_gate.py,pathlib,stdlib,PASS,
latticeguard/dependency_provenance_gate.py,sys,stdlib,PASS,
latticeguard/dependency_provenance_gate.py,typing,stdlib,PASS,
latticeguard/deployed_tool_crosswalk.py,__future__,stdlib,PASS,
latticeguard/deployed_tool_crosswalk.py,collections,stdlib,PASS,
latticeguard/deployed_tool_crosswalk.py,csv,stdlib,PASS,
latticeguard/deployed_tool_crosswalk.py,json,stdlib,PASS,
latticeguard/deployed_tool_crosswalk.py,pathlib,stdlib,PASS,
latticeguard/deployed_tool_crosswalk.py,typing,stdlib,PASS,
latticeguard/deployed_tool_head_to_head.py,__future__,stdlib,PASS,
latticeguard/deployed_tool_head_to_head.py,collections,stdlib,PASS,
latticeguard/deployed_tool_head_to_head.py,csv,stdlib,PASS,
latticeguard/deployed_tool_head_to_head.py,json,stdlib,PASS,
latticeguard/deployed_tool_head_to_head.py,pathlib,stdlib,PASS,
latticeguard/deployed_tool_head_to_head.py,typing,stdlib,PASS,
latticeguard/determinism.py,__future__,stdlib,PASS,
latticeguard/determinism.py,csv,stdlib,PASS,
latticeguard/determinism.py,hashlib,stdlib,PASS,
latticeguard/determinism.py,json,stdlib,PASS,
latticeguard/determinism.py,pathlib,stdlib,PASS,
latticeguard/determinism.py,typing,stdlib,PASS,
latticeguard/drift_mining.py,__future__,stdlib,PASS,
latticeguard/drift_mining.py,csv,stdlib,PASS,
latticeguard/drift_mining.py,pathlib,stdlib,PASS,
latticeguard/evidence_challenge_check.py,__future__,stdlib,PASS,
latticeguard/evidence_challenge_check.py,csv,stdlib,PASS,
latticeguard/evidence_challenge_check.py,json,stdlib,PASS,
latticeguard/evidence_challenge_check.py,pathlib,stdlib,PASS,
latticeguard/evidence_challenge_check.py,typing,stdlib,PASS,
latticeguard/evidence_queries.py,__future__,stdlib,PASS,
latticeguard/evidence_queries.py,csv,stdlib,PASS,
latticeguard/evidence_queries.py,json,stdlib,PASS,
latticeguard/evidence_queries.py,pathlib,stdlib,PASS,
latticeguard/evidence_queries.py,typing,stdlib,PASS,
latticeguard/experimental_design.py,__future__,stdlib,PASS,
latticeguard/experimental_design.py,csv,stdlib,PASS,
latticeguard/experimental_design.py,json,stdlib,PASS,
latticeguard/experimental_design.py,pathlib,stdlib,PASS,
latticeguard/formal_core.py,__future__,stdlib,PASS,
latticeguard/formal_core.py,itertools,stdlib,PASS,
latticeguard/formal_core.py,typing,stdlib,PASS,
latticeguard/github_sync.py,__future__,stdlib,PASS,
latticeguard/github_sync.py,csv,stdlib,PASS,
latticeguard/github_sync.py,dataclasses,stdlib,PASS,
latticeguard/github_sync.py,pathlib,stdlib,PASS,
latticeguard/import_surface_gate.py,__future__,stdlib,PASS,
latticeguard/import_surface_gate.py,ast,stdlib,PASS,
latticeguard/import_surface_gate.py,csv,stdlib,PASS,
latticeguard/import_surface_gate.py,json,stdlib,PASS,
latticeguard/import_surface_gate.py,pathlib,stdlib,PASS,
latticeguard/import_surface_gate.py,sys,stdlib,PASS,
latticeguard/import_surface_gate.py,typing,stdlib,PASS,
latticeguard/law_algebra.py,__future__,stdlib,PASS,
latticeguard/law_algebra.py,dataclasses,stdlib,PASS,
latticeguard/law_algebra.py,itertools,stdlib,PASS,
latticeguard/law_algebra.py,typing,stdlib,PASS,
latticeguard/manifest_integrity.py,__future__,stdlib,PASS,
latticeguard/manifest_integrity.py,csv,stdlib,PASS,
latticeguard/manifest_integrity.py,hashlib,stdlib,PASS,
latticeguard/manifest_integrity.py,pathlib,stdlib,PASS,
latticeguard/manuscript_presentation_gate.py,__future__,stdlib,PASS,
latticeguard/manuscript_presentation_gate.py,csv,stdlib,PASS,
latticeguard/manuscript_presentation_gate.py,json,stdlib,PASS,
latticeguard/manuscript_presentation_gate.py,pathlib,stdlib,PASS,
latticeguard/manuscript_presentation_gate.py,re,stdlib,PASS,
latticeguard/manuscript_presentation_gate.py,typing,stdlib,PASS,
latticeguard/mechanized_law_kernel.py,__future__,stdlib,PASS,
latticeguard/mechanized_law_kernel.py,collections,stdlib,PASS,
latticeguard/mechanized_law_kernel.py,csv,stdlib,PASS,
latticeguard/mechanized_law_kernel.py,dataclasses,stdlib,PASS,
latticeguard/mechanized_law_kernel.py,hashlib,stdlib,PASS,
latticeguard/mechanized_law_kernel.py,json,stdlib,PASS,
latticeguard/mechanized_law_kernel.py,pathlib,stdlib,PASS,
latticeguard/mechanized_law_kernel.py,typing,stdlib,PASS,
latticeguard/minimization_replay.py,__future__,stdlib,PASS,
latticeguard/minimization_replay.py,hashlib,stdlib,PASS,
latticeguard/minimization_replay.py,json,stdlib,PASS,
latticeguard/minimization_replay.py,pathlib,stdlib,PASS,
latticeguard/minimization_replay.py,typing,stdlib,PASS,
latticeguard/module_import_gate.py,__future__,stdlib,PASS,
latticeguard/module_import_gate.py,csv,stdlib,PASS,
latticeguard/module_import_gate.py,importlib,stdlib,PASS,
latticeguard/module_import_gate.py,json,stdlib,PASS,
latticeguard/module_import_gate.py,pathlib,stdlib,PASS,
latticeguard/module_import_gate.py,shutil,stdlib,PASS,
latticeguard/module_import_gate.py,sys,stdlib,PASS,
latticeguard/module_import_gate.py,typing,stdlib,PASS,
latticeguard/mutation_generators.py,__future__,stdlib,PASS,
latticeguard/mutation_generators.py,copy,stdlib,PASS,
latticeguard/mutation_generators.py,typing,stdlib,PASS,
latticeguard/narrative_claim_scan_gate.py,__future__,stdlib,PASS,
latticeguard/narrative_claim_scan_gate.py,csv,stdlib,PASS,
latticeguard/narrative_claim_scan_gate.py,json,stdlib,PASS,
latticeguard/narrative_claim_scan_gate.py,pathlib,stdlib,PASS,
latticeguard/narrative_claim_scan_gate.py,re,stdlib,PASS,
latticeguard/narrative_claim_scan_gate.py,typing,stdlib,PASS,
latticeguard/native_translation.py,__future__,stdlib,PASS,
latticeguard/native_translation.py,csv,stdlib,PASS,
latticeguard/native_translation.py,json,stdlib,PASS,
latticeguard/native_translation.py,pathlib,stdlib,PASS,
latticeguard/objection_matrix.py,__future__,stdlib,PASS,
latticeguard/objection_matrix.py,dataclasses,stdlib,PASS,
latticeguard/objection_matrix.py,json,stdlib,PASS,
latticeguard/objection_matrix.py,pathlib,stdlib,PASS,
latticeguard/obligation_slicing.py,__future__,stdlib,PASS,
latticeguard/obligation_slicing.py,csv,stdlib,PASS,
latticeguard/obligation_slicing.py,pathlib,stdlib,PASS,
latticeguard/opa_pinning.py,__future__,stdlib,PASS,
latticeguard/opa_pinning.py,hashlib,stdlib,PASS,
latticeguard/opa_pinning.py,os,stdlib,PASS,
latticeguard/opa_pinning.py,pathlib,stdlib,PASS,
latticeguard/opa_pinning.py,subprocess,stdlib,PASS,
latticeguard/open_science_compliance_gate.py,__future__,stdlib,PASS,
latticeguard/open_science_compliance_gate.py,csv,stdlib,PASS,
latticeguard/open_science_compliance_gate.py,json,stdlib,PASS,
latticeguard/open_science_compliance_gate.py,pathlib,stdlib,PASS,
latticeguard/open_science_compliance_gate.py,re,stdlib,PASS,
latticeguard/open_science_compliance_gate.py,typing,stdlib,PASS,
latticeguard/oracle_catalog.py,__future__,stdlib,PASS,
latticeguard/oracle_efficacy.py,__future__,stdlib,PASS,
latticeguard/oracle_efficacy.py,collections,stdlib,PASS,
latticeguard/oracle_efficacy.py,csv,stdlib,PASS,
latticeguard/oracle_efficacy.py,json,stdlib,PASS,
latticeguard/oracle_efficacy.py,pathlib,stdlib,PASS,
latticeguard/oracle_efficacy.py,typing,stdlib,PASS,
latticeguard/overfitting_audit.py,__future__,stdlib,PASS,
latticeguard/overfitting_audit.py,csv,stdlib,PASS,
latticeguard/overfitting_audit.py,hashlib,stdlib,PASS,
latticeguard/overfitting_audit.py,json,stdlib,PASS,
latticeguard/overfitting_audit.py,pathlib,stdlib,PASS,
latticeguard/overfitting_audit.py,typing,stdlib,PASS,
latticeguard/proof_certificate.py,__future__,stdlib,PASS,
latticeguard/proof_certificate.py,collections,stdlib,PASS,
latticeguard/proof_certificate.py,csv,stdlib,PASS,
latticeguard/proof_certificate.py,hashlib,stdlib,PASS,
latticeguard/proof_certificate.py,json,stdlib,PASS,
latticeguard/proof_certificate.py,pathlib,stdlib,PASS,
latticeguard/protocol_freeze_gate.py,__future__,stdlib,PASS,
latticeguard/protocol_freeze_gate.py,csv,stdlib,PASS,
latticeguard/protocol_freeze_gate.py,json,stdlib,PASS,
latticeguard/protocol_freeze_gate.py,pathlib,stdlib,PASS,
latticeguard/protocol_freeze_gate.py,typing,stdlib,PASS,
latticeguard/quality_gates.py,__future__,stdlib,PASS,
latticeguard/quality_gates.py,dataclasses,stdlib,PASS,
latticeguard/quality_gates.py,typing,stdlib,PASS,
latticeguard/readiness_metrics.py,__future__,stdlib,PASS,
latticeguard/readiness_metrics.py,csv,stdlib,PASS,
latticeguard/readiness_metrics.py,dataclasses,stdlib,PASS,
latticeguard/readiness_metrics.py,json,stdlib,PASS,
latticeguard/readiness_metrics.py,pathlib,stdlib,PASS,
latticeguard/readiness_metrics.py,statistics,stdlib,PASS,
latticeguard/reference_integrity_gate.py,__future__,stdlib,PASS,
latticeguard/reference_integrity_gate.py,csv,stdlib,PASS,
latticeguard/reference_integrity_gate.py,json,stdlib,PASS,
latticeguard/reference_integrity_gate.py,pathlib,stdlib,PASS,
latticeguard/reference_integrity_gate.py,re,stdlib,PASS,
latticeguard/relation_proofs.py,__future__,stdlib,PASS,
latticeguard/repo_quality.py,__future__,stdlib,PASS,
latticeguard/repo_quality.py,os,stdlib,PASS,
latticeguard/repo_quality.py,pathlib,stdlib,PASS,
latticeguard/repo_quality.py,re,stdlib,PASS,
latticeguard/repository_readiness.py,__future__,stdlib,PASS,
latticeguard/repository_readiness.py,pathlib,stdlib,PASS,
latticeguard/reproducibility_contract.py,__future__,stdlib,PASS,
latticeguard/reproducibility_contract.py,pathlib,stdlib,PASS,
latticeguard/reproducibility_risk_check.py,__future__,stdlib,PASS,
latticeguard/reproducibility_risk_check.py,csv,stdlib,PASS,
latticeguard/reproducibility_risk_check.py,json,stdlib,PASS,
latticeguard/reproducibility_risk_check.py,pathlib,stdlib,PASS,
latticeguard/reproducibility_risk_check.py,pypdf,declared_vendored_dependency,PASS,
latticeguard/reproducibility_risk_check.py,re,stdlib,PASS,
latticeguard/reproducibility_risk_check.py,sys,stdlib,PASS,
latticeguard/reproducibility_risk_check.py,typing,stdlib,PASS,
latticeguard/research_quality.py,__future__,stdlib,PASS,
latticeguard/research_quality.py,csv,stdlib,PASS,
latticeguard/research_quality.py,json,stdlib,PASS,
latticeguard/research_quality.py,pathlib,stdlib,PASS,
latticeguard/research_quality.py,typing,stdlib,PASS,
latticeguard/research_quality_gate.py,__future__,stdlib,PASS,
latticeguard/research_quality_gate.py,csv,stdlib,PASS,
latticeguard/research_quality_gate.py,json,stdlib,PASS,
latticeguard/research_quality_gate.py,pathlib,stdlib,PASS,
latticeguard/research_quality_gate.py,typing,stdlib,PASS,
latticeguard/resource_license_gate.py,__future__,stdlib,PASS,
latticeguard/resource_license_gate.py,csv,stdlib,PASS,
latticeguard/resource_license_gate.py,hashlib,stdlib,PASS,
latticeguard/resource_license_gate.py,json,stdlib,PASS,
latticeguard/resource_license_gate.py,pathlib,stdlib,PASS,
latticeguard/resource_license_gate.py,re,stdlib,PASS,
latticeguard/resource_license_gate.py,typing,stdlib,PASS,
latticeguard/result_invariants.py,__future__,stdlib,PASS,
latticeguard/result_invariants.py,csv,stdlib,PASS,
latticeguard/result_invariants.py,pathlib,stdlib,PASS,
latticeguard/runtime_hygiene.py,__future__,stdlib,PASS,
latticeguard/runtime_hygiene.py,os,stdlib,PASS,
latticeguard/runtime_hygiene.py,pathlib,stdlib,PASS,
latticeguard/runtime_hygiene.py,shutil,stdlib,PASS,
latticeguard/schemas.py,__future__,stdlib,PASS,
latticeguard/schemas.py,csv,stdlib,PASS,
latticeguard/schemas.py,json,stdlib,PASS,
latticeguard/schemas.py,pathlib,stdlib,PASS,
latticeguard/schemas.py,typing,stdlib,PASS,
latticeguard/scorecard.py,__future__,stdlib,PASS,
latticeguard/security_law_ontology.py,__future__,stdlib,PASS,
latticeguard/semantic_counterexample_replay.py,__future__,stdlib,PASS,
latticeguard/semantic_counterexample_replay.py,csv,stdlib,PASS,
latticeguard/semantic_counterexample_replay.py,dataclasses,stdlib,PASS,
latticeguard/semantic_counterexample_replay.py,hashlib,stdlib,PASS,
latticeguard/semantic_counterexample_replay.py,json,stdlib,PASS,
latticeguard/semantic_counterexample_replay.py,pathlib,stdlib,PASS,
latticeguard/semantic_counterexample_replay.py,typing,stdlib,PASS,
latticeguard/source_linkage.py,__future__,stdlib,PASS,
latticeguard/source_linkage.py,csv,stdlib,PASS,
latticeguard/source_linkage.py,pathlib,stdlib,PASS,
latticeguard/source_provenance_gate.py,__future__,stdlib,PASS,
latticeguard/source_provenance_gate.py,collections,stdlib,PASS,
latticeguard/source_provenance_gate.py,csv,stdlib,PASS,
latticeguard/source_provenance_gate.py,json,stdlib,PASS,
latticeguard/source_provenance_gate.py,pathlib,stdlib,PASS,
latticeguard/statistical_checks.py,__future__,stdlib,PASS,
latticeguard/statistical_checks.py,math,stdlib,PASS,
latticeguard/theorem_ledger.py,__future__,stdlib,PASS,
latticeguard/theorem_ledger.py,collections,stdlib,PASS,
latticeguard/theorem_ledger.py,csv,stdlib,PASS,
latticeguard/theorem_ledger.py,json,stdlib,PASS,
latticeguard/theorem_ledger.py,pathlib,stdlib,PASS,
latticeguard/theorem_ledger.py,typing,stdlib,PASS,
latticeguard/upstream_benchmarks.py,__future__,stdlib,PASS,
latticeguard/upstream_benchmarks.py,csv,stdlib,PASS,
latticeguard/upstream_benchmarks.py,dataclasses,stdlib,PASS,
latticeguard/upstream_benchmarks.py,hashlib,stdlib,PASS,
latticeguard/upstream_benchmarks.py,pathlib,stdlib,PASS,
latticeguard/upstream_benchmarks.py,typing,stdlib,PASS,
latticeguard/validator_registry.py,__future__,stdlib,PASS,
latticeguard/validity_boundary_evidence.py,__future__,stdlib,PASS,
latticeguard/validity_boundary_evidence.py,collections,stdlib,PASS,
latticeguard/validity_boundary_evidence.py,csv,stdlib,PASS,
latticeguard/validity_boundary_evidence.py,json,stdlib,PASS,
latticeguard/validity_boundary_evidence.py,pathlib,stdlib,PASS,
latticeguard/validity_boundary_evidence.py,typing,stdlib,PASS,
latticeguard/validity_challenge_evidence.py,__future__,stdlib,PASS,
latticeguard/validity_challenge_evidence.py,csv,stdlib,PASS,
latticeguard/validity_challenge_evidence.py,json,stdlib,PASS,
latticeguard/validity_challenge_evidence.py,latticeguard,local,PASS,
latticeguard/validity_challenge_evidence.py,pathlib,stdlib,PASS,
latticeguard/validity_challenge_evidence.py,typing,stdlib,PASS,
latticeguard/venue_requirements.py,__future__,stdlib,PASS,
latticeguard/venue_requirements.py,csv,stdlib,PASS,
latticeguard/venue_requirements.py,json,stdlib,PASS,
latticeguard/venue_requirements.py,pathlib,stdlib,PASS,
latticeguard/venue_requirements.py,typing,stdlib,PASS,
scripts/create_artifact_bundle.py,__future__,stdlib,PASS,
scripts/create_artifact_bundle.py,argparse,stdlib,PASS,
scripts/create_artifact_bundle.py,csv,stdlib,PASS,
scripts/create_artifact_bundle.py,json,stdlib,PASS,
scripts/create_artifact_bundle.py,pathlib,stdlib,PASS,
scripts/create_artifact_bundle.py,sys,stdlib,PASS,
scripts/create_artifact_bundle.py,zipfile,stdlib,PASS,
scripts/evidence_query_summary.py,__future__,stdlib,PASS,
scripts/evidence_query_summary.py,json,stdlib,PASS,
scripts/evidence_query_summary.py,latticeguard,local,PASS,
scripts/evidence_query_summary.py,pathlib,stdlib,PASS,
scripts/evidence_query_summary.py,sys,stdlib,PASS,
scripts/export_github_sync_manifest.py,__future__,stdlib,PASS,
scripts/export_github_sync_manifest.py,json,stdlib,PASS,
scripts/export_github_sync_manifest.py,latticeguard,local,PASS,
scripts/export_github_sync_manifest.py,pathlib,stdlib,PASS,
scripts/export_github_sync_manifest.py,sys,stdlib,PASS,
scripts/preflight_external_tools.py,__future__,stdlib,PASS,
scripts/preflight_external_tools.py,json,stdlib,PASS,
scripts/preflight_external_tools.py,latticeguard,local,PASS,
scripts/preflight_external_tools.py,os,stdlib,PASS,
scripts/preflight_external_tools.py,pathlib,stdlib,PASS,
scripts/preflight_external_tools.py,subprocess,stdlib,PASS,
scripts/preflight_external_tools.py,sys,stdlib,PASS,
scripts/quality_lens_score.py,__future__,stdlib,PASS,
scripts/quality_lens_score.py,json,stdlib,PASS,
scripts/quality_lens_score.py,latticeguard,local,PASS,
scripts/quality_lens_score.py,pathlib,stdlib,PASS,
scripts/quality_lens_score.py,sys,stdlib,PASS,
scripts/repo_quality_audit.py,__future__,stdlib,PASS,
scripts/repo_quality_audit.py,json,stdlib,PASS,
scripts/repo_quality_audit.py,latticeguard,local,PASS,
scripts/repo_quality_audit.py,pathlib,stdlib,PASS,
scripts/repo_quality_audit.py,sys,stdlib,PASS,
scripts/repository_scorecard.py,__future__,stdlib,PASS,
scripts/repository_scorecard.py,json,stdlib,PASS,
scripts/repository_scorecard.py,latticeguard,local,PASS,
scripts/repository_scorecard.py,pathlib,stdlib,PASS,
scripts/repository_scorecard.py,sys,stdlib,PASS,
scripts/run_audit_lenses.py,__future__,stdlib,PASS,
scripts/run_audit_lenses.py,json,stdlib,PASS,
scripts/run_audit_lenses.py,latticeguard,local,PASS,
scripts/run_audit_lenses.py,pathlib,stdlib,PASS,
scripts/run_audit_lenses.py,sys,stdlib,PASS,
scripts/run_drift_mining.py,__future__,stdlib,PASS,
scripts/run_drift_mining.py,json,stdlib,PASS,
scripts/run_drift_mining.py,latticeguard,local,PASS,
scripts/run_drift_mining.py,pathlib,stdlib,PASS,
scripts/run_drift_mining.py,sys,stdlib,PASS,
scripts/run_full_evaluation.py,__future__,stdlib,PASS,
scripts/run_full_evaluation.py,casbin,declared_vendored_dependency,PASS,
scripts/run_full_evaluation.py,cedarpy,declared_vendored_dependency,PASS,
scripts/run_full_evaluation.py,csv,stdlib,PASS,
scripts/run_full_evaluation.py,dataclasses,stdlib,PASS,
scripts/run_full_evaluation.py,functools,stdlib,PASS,
scripts/run_full_evaluation.py,hashlib,stdlib,PASS,
scripts/run_full_evaluation.py,importlib,stdlib,PASS,
scripts/run_full_evaluation.py,json,stdlib,PASS,
scripts/run_full_evaluation.py,latticeguard,local,PASS,
scripts/run_full_evaluation.py,os,stdlib,PASS,
scripts/run_full_evaluation.py,pathlib,stdlib,PASS,
scripts/run_full_evaluation.py,platform,stdlib,PASS,
scripts/run_full_evaluation.py,shutil,stdlib,PASS,
scripts/run_full_evaluation.py,subprocess,stdlib,PASS,
scripts/run_full_evaluation.py,sys,stdlib,PASS,
scripts/run_full_evaluation.py,traceback,stdlib,PASS,
scripts/run_full_evaluation.py,typing,stdlib,PASS,
scripts/run_unit_tests.py,__future__,stdlib,PASS,
scripts/run_unit_tests.py,json,stdlib,PASS,
scripts/run_unit_tests.py,latticeguard,local,PASS,
scripts/run_unit_tests.py,os,stdlib,PASS,
scripts/run_unit_tests.py,pathlib,stdlib,PASS,
scripts/run_unit_tests.py,shutil,stdlib,PASS,
scripts/run_unit_tests.py,subprocess,stdlib,PASS,
scripts/run_unit_tests.py,sys,stdlib,PASS,
scripts/sitecustomize.py,sys,stdlib,PASS,
scripts/verify_adapter_contracts.py,__future__,stdlib,PASS,
scripts/verify_adapter_contracts.py,json,stdlib,PASS,
scripts/verify_adapter_contracts.py,latticeguard,local,PASS,
scripts/verify_adapter_contracts.py,pathlib,stdlib,PASS,
scripts/verify_adapter_contracts.py,sys,stdlib,PASS,
scripts/verify_adapter_reference_agreement.py,__future__,stdlib,PASS,
scripts/verify_adapter_reference_agreement.py,json,stdlib,PASS,
scripts/verify_adapter_reference_agreement.py,latticeguard,local,PASS,
scripts/verify_adapter_reference_agreement.py,pathlib,stdlib,PASS,
scripts/verify_adapter_reference_agreement.py,sys,stdlib,PASS,
scripts/verify_all.py,__future__,stdlib,PASS,
scripts/verify_all.py,csv,stdlib,PASS,
scripts/verify_all.py,json,stdlib,PASS,
scripts/verify_all.py,latticeguard,local,PASS,
scripts/verify_all.py,os,stdlib,PASS,
scripts/verify_all.py,pathlib,stdlib,PASS,
scripts/verify_all.py,run_full_evaluation,local,PASS,
scripts/verify_all.py,shutil,stdlib,PASS,
scripts/verify_all.py,subprocess,stdlib,PASS,
scripts/verify_all.py,sys,stdlib,PASS,
scripts/verify_anonymity_and_hygiene.py,__future__,stdlib,PASS,
scripts/verify_anonymity_and_hygiene.py,json,stdlib,PASS,
scripts/verify_anonymity_and_hygiene.py,pathlib,stdlib,PASS,
scripts/verify_anonymity_and_hygiene.py,re,stdlib,PASS,
scripts/verify_anonymity_and_hygiene.py,sys,stdlib,PASS,
scripts/verify_artifact_depth.py,json,stdlib,PASS,
scripts/verify_artifact_depth.py,latticeguard,local,PASS,
scripts/verify_artifact_depth.py,pathlib,stdlib,PASS,
scripts/verify_artifact_depth.py,sys,stdlib,PASS,
scripts/verify_artifact_integrity_check.py,__future__,stdlib,PASS,
scripts/verify_artifact_integrity_check.py,csv,stdlib,PASS,
scripts/verify_artifact_integrity_check.py,json,stdlib,PASS,
scripts/verify_artifact_integrity_check.py,latticeguard,local,PASS,
scripts/verify_artifact_integrity_check.py,pathlib,stdlib,PASS,
scripts/verify_artifact_integrity_check.py,scripts,local,PASS,
scripts/verify_artifact_integrity_check.py,sys,stdlib,PASS,
scripts/verify_benchmark_funnel.py,__future__,stdlib,PASS,
scripts/verify_benchmark_funnel.py,csv,stdlib,PASS,
scripts/verify_benchmark_funnel.py,json,stdlib,PASS,
scripts/verify_benchmark_funnel.py,latticeguard,local,PASS,
scripts/verify_benchmark_funnel.py,pathlib,stdlib,PASS,
scripts/verify_benchmark_funnel.py,sys,stdlib,PASS,
scripts/verify_benchmark_imports.py,__future__,stdlib,PASS,
scripts/verify_benchmark_imports.py,json,stdlib,PASS,
scripts/verify_benchmark_imports.py,latticeguard,local,PASS,
scripts/verify_benchmark_imports.py,pathlib,stdlib,PASS,
scripts/verify_benchmark_imports.py,sys,stdlib,PASS,
scripts/verify_claim_traceability.py,__future__,stdlib,PASS,
scripts/verify_claim_traceability.py,csv,stdlib,PASS,
scripts/verify_claim_traceability.py,json,stdlib,PASS,
scripts/verify_claim_traceability.py,latticeguard,local,PASS,
scripts/verify_claim_traceability.py,pathlib,stdlib,PASS,
scripts/verify_claim_traceability.py,sys,stdlib,PASS,
scripts/verify_content_residue_gate.py,__future__,stdlib,PASS,
scripts/verify_content_residue_gate.py,json,stdlib,PASS,
scripts/verify_content_residue_gate.py,latticeguard,local,PASS,
scripts/verify_content_residue_gate.py,pathlib,stdlib,PASS,
scripts/verify_content_residue_gate.py,sys,stdlib,PASS,
scripts/verify_counterexample_families.py,__future__,stdlib,PASS,
scripts/verify_counterexample_families.py,collections,stdlib,PASS,
scripts/verify_counterexample_families.py,json,stdlib,PASS,
scripts/verify_counterexample_families.py,pathlib,stdlib,PASS,
scripts/verify_counterexample_families.py,sys,stdlib,PASS,
scripts/verify_coverage_lattice.py,__future__,stdlib,PASS,
scripts/verify_coverage_lattice.py,json,stdlib,PASS,
scripts/verify_coverage_lattice.py,latticeguard,local,PASS,
scripts/verify_coverage_lattice.py,pathlib,stdlib,PASS,
scripts/verify_coverage_lattice.py,sys,stdlib,PASS,
scripts/verify_denominator_integrity_gate.py,__future__,stdlib,PASS,
scripts/verify_denominator_integrity_gate.py,json,stdlib,PASS,
scripts/verify_denominator_integrity_gate.py,latticeguard,local,PASS,
scripts/verify_denominator_integrity_gate.py,pathlib,stdlib,PASS,
scripts/verify_denominator_integrity_gate.py,sys,stdlib,PASS,
scripts/verify_dependency_provenance_gate.py,__future__,stdlib,PASS,
scripts/verify_dependency_provenance_gate.py,json,stdlib,PASS,
scripts/verify_dependency_provenance_gate.py,latticeguard,local,PASS,
scripts/verify_dependency_provenance_gate.py,pathlib,stdlib,PASS,
scripts/verify_dependency_provenance_gate.py,sys,stdlib,PASS,
scripts/verify_deployed_tool_crosswalk.py,__future__,stdlib,PASS,
scripts/verify_deployed_tool_crosswalk.py,csv,stdlib,PASS,
scripts/verify_deployed_tool_crosswalk.py,json,stdlib,PASS,
scripts/verify_deployed_tool_crosswalk.py,latticeguard,local,PASS,
scripts/verify_deployed_tool_crosswalk.py,pathlib,stdlib,PASS,
scripts/verify_deployed_tool_crosswalk.py,sys,stdlib,PASS,
scripts/verify_deployed_tool_head_to_head.py,__future__,stdlib,PASS,
scripts/verify_deployed_tool_head_to_head.py,csv,stdlib,PASS,
scripts/verify_deployed_tool_head_to_head.py,json,stdlib,PASS,
scripts/verify_deployed_tool_head_to_head.py,latticeguard,local,PASS,
scripts/verify_deployed_tool_head_to_head.py,pathlib,stdlib,PASS,
scripts/verify_deployed_tool_head_to_head.py,sys,stdlib,PASS,
scripts/verify_evidence_challenge_check.py,__future__,stdlib,PASS,
scripts/verify_evidence_challenge_check.py,csv,stdlib,PASS,
scripts/verify_evidence_challenge_check.py,json,stdlib,PASS,
scripts/verify_evidence_challenge_check.py,latticeguard,local,PASS,
scripts/verify_evidence_challenge_check.py,pathlib,stdlib,PASS,
scripts/verify_evidence_challenge_check.py,sys,stdlib,PASS,
scripts/verify_experimental_design.py,__future__,stdlib,PASS,
scripts/verify_experimental_design.py,csv,stdlib,PASS,
scripts/verify_experimental_design.py,json,stdlib,PASS,
scripts/verify_experimental_design.py,latticeguard,local,PASS,
scripts/verify_experimental_design.py,pathlib,stdlib,PASS,
scripts/verify_experimental_design.py,sys,stdlib,PASS,
scripts/verify_full_claims.py,__future__,stdlib,PASS,
scripts/verify_full_claims.py,collections,stdlib,PASS,
scripts/verify_full_claims.py,csv,stdlib,PASS,
scripts/verify_full_claims.py,hashlib,stdlib,PASS,
scripts/verify_full_claims.py,json,stdlib,PASS,
scripts/verify_full_claims.py,latticeguard,local,PASS,
scripts/verify_full_claims.py,pathlib,stdlib,PASS,
scripts/verify_full_claims.py,re,stdlib,PASS,
scripts/verify_full_claims.py,run_full_evaluation,local,PASS,
scripts/verify_full_claims.py,subprocess,stdlib,PASS,
scripts/verify_full_claims.py,sys,stdlib,PASS,
scripts/verify_import_surface_gate.py,__future__,stdlib,PASS,
scripts/verify_import_surface_gate.py,json,stdlib,PASS,
scripts/verify_import_surface_gate.py,latticeguard,local,PASS,
scripts/verify_import_surface_gate.py,pathlib,stdlib,PASS,
scripts/verify_import_surface_gate.py,sys,stdlib,PASS,
scripts/verify_manifest_integrity.py,__future__,stdlib,PASS,
scripts/verify_manifest_integrity.py,csv,stdlib,PASS,
scripts/verify_manifest_integrity.py,json,stdlib,PASS,
scripts/verify_manifest_integrity.py,latticeguard,local,PASS,
scripts/verify_manifest_integrity.py,pathlib,stdlib,PASS,
scripts/verify_manifest_integrity.py,sys,stdlib,PASS,
scripts/verify_manuscript_presentation_gate.py,__future__,stdlib,PASS,
scripts/verify_manuscript_presentation_gate.py,json,stdlib,PASS,
scripts/verify_manuscript_presentation_gate.py,latticeguard,local,PASS,
scripts/verify_manuscript_presentation_gate.py,pathlib,stdlib,PASS,
scripts/verify_manuscript_presentation_gate.py,sys,stdlib,PASS,
scripts/verify_mechanized_law_kernel.py,__future__,stdlib,PASS,
scripts/verify_mechanized_law_kernel.py,csv,stdlib,PASS,
scripts/verify_mechanized_law_kernel.py,json,stdlib,PASS,
scripts/verify_mechanized_law_kernel.py,latticeguard,local,PASS,
scripts/verify_mechanized_law_kernel.py,pathlib,stdlib,PASS,
scripts/verify_mechanized_law_kernel.py,sys,stdlib,PASS,
scripts/verify_minimization_replay.py,__future__,stdlib,PASS,
scripts/verify_minimization_replay.py,json,stdlib,PASS,
scripts/verify_minimization_replay.py,latticeguard,local,PASS,
scripts/verify_minimization_replay.py,pathlib,stdlib,PASS,
scripts/verify_minimization_replay.py,sys,stdlib,PASS,
scripts/verify_module_import_gate.py,__future__,stdlib,PASS,
scripts/verify_module_import_gate.py,json,stdlib,PASS,
scripts/verify_module_import_gate.py,latticeguard,local,PASS,
scripts/verify_module_import_gate.py,pathlib,stdlib,PASS,
scripts/verify_module_import_gate.py,sys,stdlib,PASS,
scripts/verify_narrative_claim_scan_gate.py,__future__,stdlib,PASS,
scripts/verify_narrative_claim_scan_gate.py,json,stdlib,PASS,
scripts/verify_narrative_claim_scan_gate.py,latticeguard,local,PASS,
scripts/verify_narrative_claim_scan_gate.py,pathlib,stdlib,PASS,
scripts/verify_narrative_claim_scan_gate.py,sys,stdlib,PASS,
scripts/verify_objection_matrix.py,__future__,stdlib,PASS,
scripts/verify_objection_matrix.py,csv,stdlib,PASS,
scripts/verify_objection_matrix.py,json,stdlib,PASS,
scripts/verify_objection_matrix.py,latticeguard,local,PASS,
scripts/verify_objection_matrix.py,pathlib,stdlib,PASS,
scripts/verify_objection_matrix.py,sys,stdlib,PASS,
scripts/verify_obligation_slicing.py,csv,stdlib,PASS,
scripts/verify_obligation_slicing.py,json,stdlib,PASS,
scripts/verify_obligation_slicing.py,latticeguard,local,PASS,
scripts/verify_obligation_slicing.py,pathlib,stdlib,PASS,
scripts/verify_obligation_slicing.py,sys,stdlib,PASS,
scripts/verify_opa_pinning.py,__future__,stdlib,PASS,
scripts/verify_opa_pinning.py,json,stdlib,PASS,
scripts/verify_opa_pinning.py,latticeguard,local,PASS,
scripts/verify_opa_pinning.py,pathlib,stdlib,PASS,
scripts/verify_opa_pinning.py,sys,stdlib,PASS,
scripts/verify_open_science_compliance_gate.py,__future__,stdlib,PASS,
scripts/verify_open_science_compliance_gate.py,json,stdlib,PASS,
scripts/verify_open_science_compliance_gate.py,latticeguard,local,PASS,
scripts/verify_open_science_compliance_gate.py,pathlib,stdlib,PASS,
scripts/verify_open_science_compliance_gate.py,sys,stdlib,PASS,
scripts/verify_oracle_efficacy.py,__future__,stdlib,PASS,
scripts/verify_oracle_efficacy.py,csv,stdlib,PASS,
scripts/verify_oracle_efficacy.py,json,stdlib,PASS,
scripts/verify_oracle_efficacy.py,latticeguard,local,PASS,
scripts/verify_oracle_efficacy.py,pathlib,stdlib,PASS,
scripts/verify_oracle_efficacy.py,sys,stdlib,PASS,
scripts/verify_overfitting_audit.py,__future__,stdlib,PASS,
scripts/verify_overfitting_audit.py,csv,stdlib,PASS,
scripts/verify_overfitting_audit.py,json,stdlib,PASS,
scripts/verify_overfitting_audit.py,latticeguard,local,PASS,
scripts/verify_overfitting_audit.py,pathlib,stdlib,PASS,
scripts/verify_overfitting_audit.py,sys,stdlib,PASS,
scripts/verify_predicate_witnesses.py,__future__,stdlib,PASS,
scripts/verify_predicate_witnesses.py,csv,stdlib,PASS,
scripts/verify_predicate_witnesses.py,json,stdlib,PASS,
scripts/verify_predicate_witnesses.py,pathlib,stdlib,PASS,
scripts/verify_predicate_witnesses.py,run_full_evaluation,local,PASS,
scripts/verify_predicate_witnesses.py,sys,stdlib,PASS,
scripts/verify_proof_certificate.py,json,stdlib,PASS,
scripts/verify_proof_certificate.py,latticeguard,local,PASS,
scripts/verify_proof_certificate.py,pathlib,stdlib,PASS,
scripts/verify_proof_certificate.py,sys,stdlib,PASS,
scripts/verify_protocol_freeze_gate.py,__future__,stdlib,PASS,
scripts/verify_protocol_freeze_gate.py,json,stdlib,PASS,
scripts/verify_protocol_freeze_gate.py,latticeguard,local,PASS,
scripts/verify_protocol_freeze_gate.py,pathlib,stdlib,PASS,
scripts/verify_protocol_freeze_gate.py,sys,stdlib,PASS,
scripts/verify_readiness_metrics.py,__future__,stdlib,PASS,
scripts/verify_readiness_metrics.py,json,stdlib,PASS,
scripts/verify_readiness_metrics.py,latticeguard,local,PASS,
scripts/verify_readiness_metrics.py,pathlib,stdlib,PASS,
scripts/verify_readiness_metrics.py,sys,stdlib,PASS,
scripts/verify_reference_integrity_gate.py,__future__,stdlib,PASS,
scripts/verify_reference_integrity_gate.py,json,stdlib,PASS,
scripts/verify_reference_integrity_gate.py,latticeguard,local,PASS,
scripts/verify_reference_integrity_gate.py,pathlib,stdlib,PASS,
scripts/verify_reference_integrity_gate.py,sys,stdlib,PASS,
scripts/verify_relation_catalog.py,__future__,stdlib,PASS,
scripts/verify_relation_catalog.py,csv,stdlib,PASS,
scripts/verify_relation_catalog.py,json,stdlib,PASS,
scripts/verify_relation_catalog.py,latticeguard,local,PASS,
scripts/verify_relation_catalog.py,pathlib,stdlib,PASS,
scripts/verify_relation_catalog.py,sys,stdlib,PASS,
scripts/verify_repository_depth.py,__future__,stdlib,PASS,
scripts/verify_repository_depth.py,ast,stdlib,PASS,
scripts/verify_repository_depth.py,csv,stdlib,PASS,
scripts/verify_repository_depth.py,json,stdlib,PASS,
scripts/verify_repository_depth.py,pathlib,stdlib,PASS,
scripts/verify_reproducibility_contract.py,__future__,stdlib,PASS,
scripts/verify_reproducibility_contract.py,csv,stdlib,PASS,
scripts/verify_reproducibility_contract.py,json,stdlib,PASS,
scripts/verify_reproducibility_contract.py,latticeguard,local,PASS,
scripts/verify_reproducibility_contract.py,pathlib,stdlib,PASS,
scripts/verify_reproducibility_contract.py,sys,stdlib,PASS,
scripts/verify_reproducibility_risk_check.py,__future__,stdlib,PASS,
scripts/verify_reproducibility_risk_check.py,json,stdlib,PASS,
scripts/verify_reproducibility_risk_check.py,latticeguard,local,PASS,
scripts/verify_reproducibility_risk_check.py,pathlib,stdlib,PASS,
scripts/verify_reproducibility_risk_check.py,sys,stdlib,PASS,
scripts/verify_research_quality.py,__future__,stdlib,PASS,
scripts/verify_research_quality.py,json,stdlib,PASS,
scripts/verify_research_quality.py,latticeguard,local,PASS,
scripts/verify_research_quality.py,pathlib,stdlib,PASS,
scripts/verify_research_quality.py,sys,stdlib,PASS,
scripts/verify_research_quality_gate.py,__future__,stdlib,PASS,
scripts/verify_research_quality_gate.py,csv,stdlib,PASS,
scripts/verify_research_quality_gate.py,json,stdlib,PASS,
scripts/verify_research_quality_gate.py,latticeguard,local,PASS,
scripts/verify_research_quality_gate.py,pathlib,stdlib,PASS,
scripts/verify_research_quality_gate.py,subprocess,stdlib,PASS,
scripts/verify_research_quality_gate.py,sys,stdlib,PASS,
scripts/verify_resource_license_gate.py,__future__,stdlib,PASS,
scripts/verify_resource_license_gate.py,json,stdlib,PASS,
scripts/verify_resource_license_gate.py,latticeguard,local,PASS,
scripts/verify_resource_license_gate.py,pathlib,stdlib,PASS,
scripts/verify_resource_license_gate.py,sys,stdlib,PASS,
scripts/verify_result_invariants.py,__future__,stdlib,PASS,
scripts/verify_result_invariants.py,json,stdlib,PASS,
scripts/verify_result_invariants.py,latticeguard,local,PASS,
scripts/verify_result_invariants.py,pathlib,stdlib,PASS,
scripts/verify_result_invariants.py,sys,stdlib,PASS,
scripts/verify_robustness_replay.py,__future__,stdlib,PASS,
scripts/verify_robustness_replay.py,csv,stdlib,PASS,
scripts/verify_robustness_replay.py,hashlib,stdlib,PASS,
scripts/verify_robustness_replay.py,json,stdlib,PASS,
scripts/verify_robustness_replay.py,os,stdlib,PASS,
scripts/verify_robustness_replay.py,pathlib,stdlib,PASS,
scripts/verify_robustness_replay.py,run_full_evaluation,local,PASS,
scripts/verify_robustness_replay.py,subprocess,stdlib,PASS,
scripts/verify_robustness_replay.py,sys,stdlib,PASS,
scripts/verify_schema_contracts.py,__future__,stdlib,PASS,
scripts/verify_schema_contracts.py,json,stdlib,PASS,
scripts/verify_schema_contracts.py,latticeguard,local,PASS,
scripts/verify_schema_contracts.py,pathlib,stdlib,PASS,
scripts/verify_schema_contracts.py,sys,stdlib,PASS,
scripts/verify_semantic_counterexample_replay.py,__future__,stdlib,PASS,
scripts/verify_semantic_counterexample_replay.py,json,stdlib,PASS,
scripts/verify_semantic_counterexample_replay.py,latticeguard,local,PASS,
scripts/verify_semantic_counterexample_replay.py,pathlib,stdlib,PASS,
scripts/verify_semantic_counterexample_replay.py,sys,stdlib,PASS,
scripts/verify_source_linkage.py,__future__,stdlib,PASS,
scripts/verify_source_linkage.py,json,stdlib,PASS,
scripts/verify_source_linkage.py,latticeguard,local,PASS,
scripts/verify_source_linkage.py,pathlib,stdlib,PASS,
scripts/verify_source_linkage.py,sys,stdlib,PASS,
scripts/verify_source_provenance_gate.py,__future__,stdlib,PASS,
scripts/verify_source_provenance_gate.py,csv,stdlib,PASS,
scripts/verify_source_provenance_gate.py,json,stdlib,PASS,
scripts/verify_source_provenance_gate.py,latticeguard,local,PASS,
scripts/verify_source_provenance_gate.py,pathlib,stdlib,PASS,
scripts/verify_source_provenance_gate.py,sys,stdlib,PASS,
scripts/verify_theorem_ledger.py,__future__,stdlib,PASS,
scripts/verify_theorem_ledger.py,json,stdlib,PASS,
scripts/verify_theorem_ledger.py,latticeguard,local,PASS,
scripts/verify_theorem_ledger.py,pathlib,stdlib,PASS,
scripts/verify_theorem_ledger.py,sys,stdlib,PASS,
scripts/verify_upstream_benchmarks.py,__future__,stdlib,PASS,
scripts/verify_upstream_benchmarks.py,csv,stdlib,PASS,
scripts/verify_upstream_benchmarks.py,json,stdlib,PASS,
scripts/verify_upstream_benchmarks.py,latticeguard,local,PASS,
scripts/verify_upstream_benchmarks.py,pathlib,stdlib,PASS,
scripts/verify_upstream_benchmarks.py,sys,stdlib,PASS,
scripts/verify_validity_boundary_evidence.py,__future__,stdlib,PASS,
scripts/verify_validity_boundary_evidence.py,json,stdlib,PASS,
scripts/verify_validity_boundary_evidence.py,latticeguard,local,PASS,
scripts/verify_validity_boundary_evidence.py,pathlib,stdlib,PASS,
scripts/verify_validity_boundary_evidence.py,sys,stdlib,PASS,
scripts/verify_validity_challenge_evidence.py,__future__,stdlib,PASS,
scripts/verify_validity_challenge_evidence.py,json,stdlib,PASS,
scripts/verify_validity_challenge_evidence.py,latticeguard,local,PASS,
scripts/verify_validity_challenge_evidence.py,pathlib,stdlib,PASS,
scripts/verify_validity_challenge_evidence.py,sys,stdlib,PASS,
scripts/verify_venue_requirements.py,__future__,stdlib,PASS,
scripts/verify_venue_requirements.py,json,stdlib,PASS,
scripts/verify_venue_requirements.py,latticeguard,local,PASS,
scripts/verify_venue_requirements.py,pathlib,stdlib,PASS,
scripts/verify_venue_requirements.py,sys,stdlib,PASS,
tests/test_adapter_reference_agreement.py,latticeguard,local,PASS,
tests/test_adapter_reference_agreement.py,pathlib,stdlib,PASS,
tests/test_adapter_reference_agreement.py,sys,stdlib,PASS,
tests/test_artifact_integrity_check.py,latticeguard,local,PASS,
tests/test_artifact_integrity_check.py,pathlib,stdlib,PASS,
tests/test_artifact_integrity_check.py,sys,stdlib,PASS,
tests/test_audit_objection_matrix.py,csv,stdlib,PASS,
tests/test_audit_objection_matrix.py,pathlib,stdlib,PASS,
tests/test_benchmark_importers.py,latticeguard,local,PASS,
tests/test_benchmark_importers.py,pathlib,stdlib,PASS,
tests/test_benchmark_importers.py,sys,stdlib,PASS,
tests/test_claim_macro_snapshot.py,json,stdlib,PASS,
tests/test_claim_macro_snapshot.py,pathlib,stdlib,PASS,
tests/test_claim_macro_snapshot.py,re,stdlib,PASS,
tests/test_claim_traceability.py,latticeguard,local,PASS,
tests/test_claim_traceability.py,pathlib,stdlib,PASS,
tests/test_claim_traceability.py,sys,stdlib,PASS,
tests/test_content_residue_gate.py,latticeguard,local,PASS,
tests/test_content_residue_gate.py,pathlib,stdlib,PASS,
tests/test_content_residue_gate.py,sys,stdlib,PASS,
tests/test_denominator_integrity_gate.py,latticeguard,local,PASS,
tests/test_denominator_integrity_gate.py,pathlib,stdlib,PASS,
tests/test_denominator_integrity_gate.py,sys,stdlib,PASS,
tests/test_dependency_provenance_gate.py,latticeguard,local,PASS,
tests/test_dependency_provenance_gate.py,pathlib,stdlib,PASS,
tests/test_dependency_provenance_gate.py,sys,stdlib,PASS,
tests/test_deployed_tool_crosswalk.py,latticeguard,local,PASS,
tests/test_deployed_tool_crosswalk.py,pathlib,stdlib,PASS,
tests/test_deployed_tool_crosswalk.py,sys,stdlib,PASS,
tests/test_deployed_tool_head_to_head.py,latticeguard,local,PASS,
tests/test_deployed_tool_head_to_head.py,pathlib,stdlib,PASS,
tests/test_deployed_tool_head_to_head.py,sys,stdlib,PASS,
tests/test_evidence_challenge_check.py,latticeguard,local,PASS,
tests/test_evidence_challenge_check.py,pathlib,stdlib,PASS,
tests/test_evidence_challenge_check.py,sys,stdlib,PASS,
tests/test_evidence_queries.py,latticeguard,local,PASS,
tests/test_evidence_queries.py,pathlib,stdlib,PASS,
tests/test_evidence_queries.py,sys,stdlib,PASS,
tests/test_experimental_design.py,latticeguard,local,PASS,
tests/test_experimental_design.py,pathlib,stdlib,PASS,
tests/test_experimental_design.py,sys,stdlib,PASS,
tests/test_formal_core.py,latticeguard,local,PASS,
tests/test_formal_core.py,pathlib,stdlib,PASS,
tests/test_formal_core.py,scripts,local,PASS,
tests/test_formal_core.py,sys,stdlib,PASS,
tests/test_github_sync_manifest.py,latticeguard,local,PASS,
tests/test_github_sync_manifest.py,pathlib,stdlib,PASS,
tests/test_github_sync_manifest.py,sys,stdlib,PASS,
tests/test_import_surface_gate.py,latticeguard,local,PASS,
tests/test_import_surface_gate.py,pathlib,stdlib,PASS,
tests/test_import_surface_gate.py,sys,stdlib,PASS,
tests/test_manuscript_presentation_gate.py,latticeguard,local,PASS,
tests/test_manuscript_presentation_gate.py,pathlib,stdlib,PASS,
tests/test_manuscript_presentation_gate.py,sys,stdlib,PASS,
tests/test_mechanized_law_kernel.py,latticeguard,local,PASS,
tests/test_mechanized_law_kernel.py,pathlib,stdlib,PASS,
tests/test_mechanized_law_kernel.py,sys,stdlib,PASS,
tests/test_module_import_gate.py,latticeguard,local,PASS,
tests/test_module_import_gate.py,pathlib,stdlib,PASS,
tests/test_module_import_gate.py,sys,stdlib,PASS,
tests/test_narrative_claim_scan_gate.py,latticeguard,local,PASS,
tests/test_narrative_claim_scan_gate.py,pathlib,stdlib,PASS,
tests/test_narrative_claim_scan_gate.py,sys,stdlib,PASS,
tests/test_open_science_compliance_gate.py,__future__,stdlib,PASS,
tests/test_open_science_compliance_gate.py,latticeguard,local,PASS,
tests/test_open_science_compliance_gate.py,pathlib,stdlib,PASS,
tests/test_open_science_compliance_gate.py,sys,stdlib,PASS,
tests/test_oracle_efficacy.py,latticeguard,local,PASS,
tests/test_oracle_efficacy.py,pathlib,stdlib,PASS,
tests/test_oracle_efficacy.py,sys,stdlib,PASS,
tests/test_protocol_freeze_gate.py,latticeguard,local,PASS,
tests/test_protocol_freeze_gate.py,pathlib,stdlib,PASS,
tests/test_protocol_freeze_gate.py,sys,stdlib,PASS,
tests/test_readiness_metrics.py,latticeguard,local,PASS,
tests/test_readiness_metrics.py,pathlib,stdlib,PASS,
tests/test_readiness_metrics.py,sys,stdlib,PASS,
tests/test_reference_integrity_gate.py,latticeguard,local,PASS,
tests/test_reference_integrity_gate.py,pathlib,stdlib,PASS,
tests/test_reference_integrity_gate.py,sys,stdlib,PASS,
tests/test_repository_depth_contract.py,ast,stdlib,PASS,
tests/test_repository_depth_contract.py,pathlib,stdlib,PASS,
tests/test_repository_invariants_extended.py,csv,stdlib,PASS,
tests/test_repository_invariants_extended.py,json,stdlib,PASS,
tests/test_repository_invariants_extended.py,pathlib,stdlib,PASS,
tests/test_reproducibility_risk_check.py,latticeguard,local,PASS,
tests/test_reproducibility_risk_check.py,pathlib,stdlib,PASS,
tests/test_reproducibility_risk_check.py,sys,stdlib,PASS,
tests/test_research_quality_gate.py,latticeguard,local,PASS,
tests/test_research_quality_gate.py,pathlib,stdlib,PASS,
tests/test_research_quality_gate.py,sys,stdlib,PASS,
tests/test_resource_license_gate.py,latticeguard,local,PASS,
tests/test_resource_license_gate.py,pathlib,stdlib,PASS,
tests/test_resource_license_gate.py,sys,stdlib,PASS,
tests/test_result_invariants.py,latticeguard,local,PASS,
tests/test_result_invariants.py,pathlib,stdlib,PASS,
tests/test_result_invariants.py,sys,stdlib,PASS,
tests/test_seeded_counterexamples.py,json,stdlib,PASS,
tests/test_seeded_counterexamples.py,pathlib,stdlib,PASS,
tests/test_semantic_counterexample_replay.py,latticeguard,local,PASS,
tests/test_semantic_counterexample_replay.py,pathlib,stdlib,PASS,
tests/test_semantic_counterexample_replay.py,sys,stdlib,PASS,
tests/test_source_provenance_gate.py,latticeguard,local,PASS,
tests/test_source_provenance_gate.py,pathlib,stdlib,PASS,
tests/test_source_provenance_gate.py,sys,stdlib,PASS,
tests/test_theorem_and_quality_ledgers.py,__future__,stdlib,PASS,
tests/test_theorem_and_quality_ledgers.py,latticeguard,local,PASS,
tests/test_theorem_and_quality_ledgers.py,pathlib,stdlib,PASS,
tests/test_theorem_and_quality_ledgers.py,sys,stdlib,PASS,
tests/test_upstream_benchmarks.py,csv,stdlib,PASS,
tests/test_upstream_benchmarks.py,latticeguard,local,PASS,
tests/test_upstream_benchmarks.py,pathlib,stdlib,PASS,
tests/test_upstream_benchmarks.py,sys,stdlib,PASS,
tests/test_venue_requirements.py,latticeguard,local,PASS,
tests/test_venue_requirements.py,pathlib,stdlib,PASS,
tests/test_venue_requirements.py,sys,stdlib,PASS,
