source_id,kind,adapter_id,version_or_tag,license,source_url,local_path,sha256,notes
public_casbin_pyc_repo_acl_example_slice,subject_seed,all_translated,anonymous-artifact-2026-06-21,Apache-2.0 or official documentation license as recorded in source_manifest/external_resources; fixture is a deterministic executable slice transcribed from public examples before the locked evaluation run,https://github.com/casbin/pycasbin/blob/master/README.md,subjects/public/public_casbin_pyc_repo_acl_example_slice.json,15398c1ba46ea2b06ef6c599dcdb0fa906f7aa7b4fc932a242f8e0fc84659661,PyCasbin README ACL example: subject/object/action CONF plus alice-data1-read and bob-data2-write policy rows; normalized to the LatticeGuard law-probe schema
public_casbin_core_rbac_model_example_slice,subject_seed,all_translated,anonymous-artifact-2026-06-21,Apache-2.0 or official documentation license as recorded in source_manifest/external_resources; fixture is a deterministic executable slice transcribed from public examples before the locked evaluation run,https://github.com/apache/casbin/blob/master/examples/rbac_model.conf,subjects/public/public_casbin_core_rbac_model_example_slice.json,3cba3105a9ea304bc72b398976eec6eee0d664884eb20243d0d8441a1fea130e,Casbin official examples/rbac_model.conf: RBAC request/policy/role/effect/matcher structure; normalized to the LatticeGuard law-probe schema
public_casbin_docs_deny_override_slice,subject_seed,all_translated,anonymous-artifact-2026-06-21,Apache-2.0 or official documentation license as recorded in source_manifest/external_resources; fixture is a deterministic executable slice transcribed from public examples before the locked evaluation run,https://casbin.org/docs/syntax-for-models,subjects/public/public_casbin_docs_deny_override_slice.json,0a76502d96a48375fff355942b998180d8911ffa6d367ed3e5252c4c0be6d9f8,Casbin model syntax documentation for allow-and-deny/deny-overrides policy effect; normalized to matched deny-dominance law probes
public_cedar_docs_authz_algorithm_slice,subject_seed,all_translated,anonymous-artifact-2026-06-21,Apache-2.0 or official documentation license as recorded in source_manifest/external_resources; fixture is a deterministic executable slice transcribed from public examples before the locked evaluation run,https://docs.cedarpolicy.com/auth/authorization.html,subjects/public/public_cedar_docs_authz_algorithm_slice.json,369bdab2a2c66eba52b9f93bbf6ab84766f1660440361873c160ea59579fc540,Cedar authorization documentation PARC request plus default-deny and forbid-overrides-permit algorithm; normalized to matched law probes
public_cedar_policy_examples_group_slice,subject_seed,all_translated,anonymous-artifact-2026-06-21,Apache-2.0 or official documentation license as recorded in source_manifest/external_resources; fixture is a deterministic executable slice transcribed from public examples before the locked evaluation run,https://docs.cedarpolicy.com/policies/policy-examples.html,subjects/public/public_cedar_policy_examples_group_slice.json,b438fcbe30fe12daec1b2a70b0844e75d1f602f5e74580440e4f3804c106018f,Cedar policy examples for group/resource containment and Alice PhotoFlash policies; normalized to role/resource relation probes
public_cedar_policy_examples_forbid_slice,subject_seed,all_translated,anonymous-artifact-2026-06-21,Apache-2.0 or official documentation license as recorded in source_manifest/external_resources; fixture is a deterministic executable slice transcribed from public examples before the locked evaluation run,https://docs.cedarpolicy.com/policies/policy-examples.html#denies-access,subjects/public/public_cedar_policy_examples_forbid_slice.json,087ab2dbf6e8056bce85187b43ece274035b222cf220a78724c0ed6d929d46af,Cedar policy examples showing forbid effects and explicit-deny precedence; normalized to deny-dominance and shadowing probes
public_native_casbin_acl_deny_override,subject_seed,all_translated,anonymous-artifact-2026-06-21,Apache-2.0; raw native fixture hashes and normalized subject hash recorded in source_manifest.csv,https://github.com/casbin/pycasbin/blob/master/README.md,subjects/public/public_native_casbin_acl_deny_override.json,3db3028f48fddbf6052e2d86f6d6d63bfba0c5519374b8dcf6ecd21c2c28c90c,"Native casbin public fixture bundle imported and normalized from official example semantics; native fixtures=public_native_casbin_acl_deny_override_model.conf,public_native_casbin_acl_deny_override_policy.csv"
public_native_casbin_rbac_hierarchy,subject_seed,all_translated,anonymous-artifact-2026-06-21,Apache-2.0; raw native fixture hashes and normalized subject hash recorded in source_manifest.csv,https://github.com/casbin/casbin/blob/master/examples/rbac_model.conf,subjects/public/public_native_casbin_rbac_hierarchy.json,fe326f16338fb1aa4285691d99a21bf758a2d5c7a3488a9f6ec349091f8cee79,"Native casbin public fixture bundle imported and normalized from official example semantics; native fixtures=public_native_casbin_rbac_hierarchy_model.conf,public_native_casbin_rbac_hierarchy_policy.csv"
public_native_casbin_shadowed_deny,subject_seed,all_translated,anonymous-artifact-2026-06-21,Apache-2.0; raw native fixture hashes and normalized subject hash recorded in source_manifest.csv,https://casbin.org/docs/syntax-for-models,subjects/public/public_native_casbin_shadowed_deny.json,2731ae70ebd8dacbd7664b0e9d8ae9f9e856c6eb5d5a74a00ca1a6e1ea17714d,"Native casbin public fixture bundle imported and normalized from official example semantics; native fixtures=public_native_casbin_shadowed_deny_model.conf,public_native_casbin_shadowed_deny_policy.csv"
public_native_casbin_scope_split,subject_seed,all_translated,anonymous-artifact-2026-06-21,Apache-2.0; raw native fixture hashes and normalized subject hash recorded in source_manifest.csv,https://casbin.org/docs/rbac,subjects/public/public_native_casbin_scope_split.json,9d3a20435508badd78663ffa6438cda3da1658306a42487b9d1c83c7d641d119,"Native casbin public fixture bundle imported and normalized from official example semantics; native fixtures=public_native_casbin_scope_split_model.conf,public_native_casbin_scope_split_policy.csv"
public_native_casbin_default_deny,subject_seed,all_translated,anonymous-artifact-2026-06-21,Apache-2.0; raw native fixture hashes and normalized subject hash recorded in source_manifest.csv,https://casbin.org/docs/syntax-for-models,subjects/public/public_native_casbin_default_deny.json,887ee1ed30e986784914e1051d61dfc7657b2a013614c9ccf0016e415b9e2559,"Native casbin public fixture bundle imported and normalized from official example semantics; native fixtures=public_native_casbin_default_deny_model.conf,public_native_casbin_default_deny_policy.csv"
public_native_cedar_rbac_forbid,subject_seed,all_translated,anonymous-artifact-2026-06-21,Apache-2.0; raw native fixture hashes and normalized subject hash recorded in source_manifest.csv,https://docs.cedarpolicy.com/auth/authorization.html,subjects/public/public_native_cedar_rbac_forbid.json,9cb1fcf342cc2ee6457e242d0676aafc0d478b2f36a53e72c818772a8cc3610d,"Native cedar public fixture bundle imported and normalized from official example semantics; native fixtures=public_native_cedar_rbac_forbid_entities.json,public_native_cedar_rbac_forbid_policy.cedar"
public_native_cedar_hierarchy,subject_seed,all_translated,anonymous-artifact-2026-06-21,Apache-2.0; raw native fixture hashes and normalized subject hash recorded in source_manifest.csv,https://docs.cedarpolicy.com/policies/policy-examples.html,subjects/public/public_native_cedar_hierarchy.json,07b929da98ccc81e4a166092ee5a17a444426b1ffb2b166843e02a01ba71329d,"Native cedar public fixture bundle imported and normalized from official example semantics; native fixtures=public_native_cedar_hierarchy_entities.json,public_native_cedar_hierarchy_policy.cedar"
public_native_cedar_shadowed_rule,subject_seed,all_translated,anonymous-artifact-2026-06-21,Apache-2.0; raw native fixture hashes and normalized subject hash recorded in source_manifest.csv,https://docs.cedarpolicy.com/policies/policy-examples.html#denies-access,subjects/public/public_native_cedar_shadowed_rule.json,419856726293ab491901b3439d18ac0b6f51a61d918b767c29bad537f1963667,"Native cedar public fixture bundle imported and normalized from official example semantics; native fixtures=public_native_cedar_shadowed_rule_entities.json,public_native_cedar_shadowed_rule_policy.cedar"
public_native_cedar_scope_split,subject_seed,all_translated,anonymous-artifact-2026-06-21,Apache-2.0; raw native fixture hashes and normalized subject hash recorded in source_manifest.csv,https://docs.cedarpolicy.com/policies/policy-examples.html,subjects/public/public_native_cedar_scope_split.json,521e6f9e5a08e244cd9f933576e520a756405474d48a0c43ad5f8eccec0095b2,"Native cedar public fixture bundle imported and normalized from official example semantics; native fixtures=public_native_cedar_scope_split_entities.json,public_native_cedar_scope_split_policy.cedar"
public_native_cedar_default_deny,subject_seed,all_translated,anonymous-artifact-2026-06-21,Apache-2.0; raw native fixture hashes and normalized subject hash recorded in source_manifest.csv,https://docs.cedarpolicy.com/auth/authorization.html,subjects/public/public_native_cedar_default_deny.json,48449c7d9a38e3b1903d7fa075519fab30626f31798e9403b8d16448b6d43f7a,"Native cedar public fixture bundle imported and normalized from official example semantics; native fixtures=public_native_cedar_default_deny_entities.json,public_native_cedar_default_deny_policy.cedar"
public_upstream_casbin_basic_acl,subject_seed,all_translated,anonymous-artifact-2026-06-21,Apache-2.0; raw native fixture hashes and normalized subject hash recorded in source_manifest.csv,https://raw.githubusercontent.com/casbin/casbin/master/examples/basic_model.conf,subjects/public/public_upstream_casbin_basic_acl.json,037538735c79d655a3c35e4ba2dc8b914613865b7595d53538af624c40037fc1,"Native casbin public fixture bundle imported and normalized from official example semantics; native fixtures=public_upstream_casbin_basic_acl_model.conf,public_upstream_casbin_basic_acl_policy.csv"
public_upstream_casbin_rbac_example,subject_seed,all_translated,anonymous-artifact-2026-06-21,Apache-2.0; raw native fixture hashes and normalized subject hash recorded in source_manifest.csv,https://raw.githubusercontent.com/casbin/casbin/master/examples/rbac_model.conf,subjects/public/public_upstream_casbin_rbac_example.json,3a990009b852f49482d47a6f7a6df94c9fb1e31142cd774649915adb27149ccf,"Native casbin public fixture bundle imported and normalized from official example semantics; native fixtures=public_upstream_casbin_rbac_example_model.conf,public_upstream_casbin_rbac_example_policy.csv"
public_upstream_casbin_domain_rbac,subject_seed,all_translated,anonymous-artifact-2026-06-21,Apache-2.0; raw native fixture hashes and normalized subject hash recorded in source_manifest.csv,https://raw.githubusercontent.com/casbin/casbin/master/examples/rbac_with_domains_model.conf,subjects/public/public_upstream_casbin_domain_rbac.json,024b1ad3eefa01b189011bc050320527aaf038785b85335e419447f42dfe8962,"Native casbin public fixture bundle imported and normalized from official example semantics; native fixtures=public_upstream_casbin_domain_rbac_model.conf,public_upstream_casbin_domain_rbac_policy.csv"
public_upstream_casbin_priority_fragment,subject_seed,all_translated,anonymous-artifact-2026-06-21,Apache-2.0; raw native fixture hashes and normalized subject hash recorded in source_manifest.csv,https://raw.githubusercontent.com/casbin/casbin/master/examples/priority_model.conf,subjects/public/public_upstream_casbin_priority_fragment.json,7e3baa58754f910119ac0c81c218052b41b64e6e92715c90955cca603191ea3f,"Native casbin public fixture bundle imported and normalized from official example semantics; native fixtures=public_upstream_casbin_priority_fragment_model.conf,public_upstream_casbin_priority_fragment_policy.csv"
public_upstream_cedar_integration_1a,subject_seed,all_translated,anonymous-artifact-2026-06-21,Apache-2.0; raw native fixture hashes and normalized subject hash recorded in source_manifest.csv,https://github.com/cedar-policy/cedar-integration-tests/tree/main/tests/example_use_cases,subjects/public/public_upstream_cedar_integration_1a.json,6bc8f396c393bf1450b6e3318da6fa62b15e76c17ce036596934f2cc8da8797e,"Native cedar public fixture bundle imported and normalized from official example semantics; native fixtures=public_upstream_cedar_integration_1a_entities.json,public_upstream_cedar_integration_1a_policy.cedar"
public_upstream_cedar_forbid_precedence,subject_seed,all_translated,anonymous-artifact-2026-06-21,Apache-2.0; raw native fixture hashes and normalized subject hash recorded in source_manifest.csv,https://docs.cedarpolicy.com/auth/authorization.html,subjects/public/public_upstream_cedar_forbid_precedence.json,1721abaff96e77941b87991a5d7baacf27ee71034b4094e75b8f171b532a310b,"Native cedar public fixture bundle imported and normalized from official example semantics; native fixtures=public_upstream_cedar_forbid_precedence_entities.json,public_upstream_cedar_forbid_precedence_policy.cedar"
public_upstream_cedar_default_deny,subject_seed,all_translated,anonymous-artifact-2026-06-21,Apache-2.0; raw native fixture hashes and normalized subject hash recorded in source_manifest.csv,https://docs.cedarpolicy.com/auth/authorization.html,subjects/public/public_upstream_cedar_default_deny.json,3cf96590a1980aeecf6ec247dc2be66159fb5937503c395be7a61fcbfac3194c,"Native cedar public fixture bundle imported and normalized from official example semantics; native fixtures=public_upstream_cedar_default_deny_entities.json,public_upstream_cedar_default_deny_policy.cedar"
public_matrix_casbin_semantic_slice_01,subject_seed,all_translated,anonymous-artifact-2026-06-21,Apache-2.0; raw native fixture hashes and normalized subject hash recorded in source_manifest.csv,https://casbin.apache.org/docs/syntax-for-models/,subjects/public/public_matrix_casbin_semantic_slice_01.json,e1eedd8d6d698df00ec710682ede5c7c5ab8ad63bfbfc981bf3f4444bca64088,"Native casbin public fixture bundle imported and normalized from official example semantics; native fixtures=public_matrix_casbin_semantic_slice_01_model.conf,public_matrix_casbin_semantic_slice_01_policy.csv"
public_matrix_casbin_semantic_slice_02,subject_seed,all_translated,anonymous-artifact-2026-06-21,Apache-2.0; raw native fixture hashes and normalized subject hash recorded in source_manifest.csv,https://casbin.apache.org/docs/syntax-for-models/,subjects/public/public_matrix_casbin_semantic_slice_02.json,8c925348e8c74152b4857790311f6024836ca20c8aed90d77edf316228ed1fda,"Native casbin public fixture bundle imported and normalized from official example semantics; native fixtures=public_matrix_casbin_semantic_slice_02_model.conf,public_matrix_casbin_semantic_slice_02_policy.csv"
public_matrix_casbin_semantic_slice_03,subject_seed,all_translated,anonymous-artifact-2026-06-21,Apache-2.0; raw native fixture hashes and normalized subject hash recorded in source_manifest.csv,https://casbin.apache.org/docs/syntax-for-models/,subjects/public/public_matrix_casbin_semantic_slice_03.json,8beb07ad8bb6578ea8fb5c4016313b85264e05e196c394b5b55104070f48b11b,"Native casbin public fixture bundle imported and normalized from official example semantics; native fixtures=public_matrix_casbin_semantic_slice_03_model.conf,public_matrix_casbin_semantic_slice_03_policy.csv"
public_matrix_casbin_semantic_slice_04,subject_seed,all_translated,anonymous-artifact-2026-06-21,Apache-2.0; raw native fixture hashes and normalized subject hash recorded in source_manifest.csv,https://casbin.apache.org/docs/syntax-for-models/,subjects/public/public_matrix_casbin_semantic_slice_04.json,c0ce4e2a4eff4cdecf262a621e764a2a1b49c89eba62d9dec0e8b8c5df72aa30,"Native casbin public fixture bundle imported and normalized from official example semantics; native fixtures=public_matrix_casbin_semantic_slice_04_model.conf,public_matrix_casbin_semantic_slice_04_policy.csv"
public_matrix_casbin_semantic_slice_05,subject_seed,all_translated,anonymous-artifact-2026-06-21,Apache-2.0; raw native fixture hashes and normalized subject hash recorded in source_manifest.csv,https://casbin.apache.org/docs/syntax-for-models/,subjects/public/public_matrix_casbin_semantic_slice_05.json,d164434adf1ee55ff29a6c22fbbb45a94661a2a81151240de1a468a3c59bb54e,"Native casbin public fixture bundle imported and normalized from official example semantics; native fixtures=public_matrix_casbin_semantic_slice_05_model.conf,public_matrix_casbin_semantic_slice_05_policy.csv"
public_matrix_casbin_semantic_slice_06,subject_seed,all_translated,anonymous-artifact-2026-06-21,Apache-2.0; raw native fixture hashes and normalized subject hash recorded in source_manifest.csv,https://casbin.apache.org/docs/syntax-for-models/,subjects/public/public_matrix_casbin_semantic_slice_06.json,25f85b3c1473932fd8b5007a45bdff317a9a9cda4998669a6172a87acb378281,"Native casbin public fixture bundle imported and normalized from official example semantics; native fixtures=public_matrix_casbin_semantic_slice_06_model.conf,public_matrix_casbin_semantic_slice_06_policy.csv"
public_matrix_casbin_semantic_slice_07,subject_seed,all_translated,anonymous-artifact-2026-06-21,Apache-2.0; raw native fixture hashes and normalized subject hash recorded in source_manifest.csv,https://casbin.apache.org/docs/syntax-for-models/,subjects/public/public_matrix_casbin_semantic_slice_07.json,f9fa7f827b3ec84ddf142373368827f7ea1add14ad980e286b5aa0a583a8dab9,"Native casbin public fixture bundle imported and normalized from official example semantics; native fixtures=public_matrix_casbin_semantic_slice_07_model.conf,public_matrix_casbin_semantic_slice_07_policy.csv"
public_matrix_casbin_semantic_slice_08,subject_seed,all_translated,anonymous-artifact-2026-06-21,Apache-2.0; raw native fixture hashes and normalized subject hash recorded in source_manifest.csv,https://casbin.apache.org/docs/syntax-for-models/,subjects/public/public_matrix_casbin_semantic_slice_08.json,3c9ef896775039fccca75a6544bf82e63c5fa45c7a3302ccba64be76900f71d3,"Native casbin public fixture bundle imported and normalized from official example semantics; native fixtures=public_matrix_casbin_semantic_slice_08_model.conf,public_matrix_casbin_semantic_slice_08_policy.csv"
public_matrix_casbin_semantic_slice_09,subject_seed,all_translated,anonymous-artifact-2026-06-21,Apache-2.0; raw native fixture hashes and normalized subject hash recorded in source_manifest.csv,https://casbin.apache.org/docs/syntax-for-models/,subjects/public/public_matrix_casbin_semantic_slice_09.json,da3305c4b0f31e078a381f54d06455917f99d61cff0cbe8e203d658d2c796aa6,"Native casbin public fixture bundle imported and normalized from official example semantics; native fixtures=public_matrix_casbin_semantic_slice_09_model.conf,public_matrix_casbin_semantic_slice_09_policy.csv"
public_matrix_casbin_semantic_slice_10,subject_seed,all_translated,anonymous-artifact-2026-06-21,Apache-2.0; raw native fixture hashes and normalized subject hash recorded in source_manifest.csv,https://casbin.apache.org/docs/syntax-for-models/,subjects/public/public_matrix_casbin_semantic_slice_10.json,615f7fb7a6affb7576207a4b8d107d7f30b9ea44afb2a860c41fb1152f9ddc05,"Native casbin public fixture bundle imported and normalized from official example semantics; native fixtures=public_matrix_casbin_semantic_slice_10_model.conf,public_matrix_casbin_semantic_slice_10_policy.csv"
public_matrix_cedar_semantic_slice_01,subject_seed,all_translated,anonymous-artifact-2026-06-21,Apache-2.0; raw native fixture hashes and normalized subject hash recorded in source_manifest.csv,https://docs.cedarpolicy.com/auth/authorization.html,subjects/public/public_matrix_cedar_semantic_slice_01.json,f2b9f766d7390cecf4dc051715ad50b0e03da1378f206e13670e85b223cadb40,"Native cedar public fixture bundle imported and normalized from official example semantics; native fixtures=public_matrix_cedar_semantic_slice_01_entities.json,public_matrix_cedar_semantic_slice_01_policy.cedar"
public_matrix_cedar_semantic_slice_02,subject_seed,all_translated,anonymous-artifact-2026-06-21,Apache-2.0; raw native fixture hashes and normalized subject hash recorded in source_manifest.csv,https://docs.cedarpolicy.com/auth/authorization.html,subjects/public/public_matrix_cedar_semantic_slice_02.json,4ebeefa78761faa33afdb919601ce7f295fa9d54c94aab29cb4e652a4cad423b,"Native cedar public fixture bundle imported and normalized from official example semantics; native fixtures=public_matrix_cedar_semantic_slice_02_entities.json,public_matrix_cedar_semantic_slice_02_policy.cedar"
public_matrix_cedar_semantic_slice_03,subject_seed,all_translated,anonymous-artifact-2026-06-21,Apache-2.0; raw native fixture hashes and normalized subject hash recorded in source_manifest.csv,https://docs.cedarpolicy.com/auth/authorization.html,subjects/public/public_matrix_cedar_semantic_slice_03.json,9bd7e209b744fdc0f628ae3a2932ac25994c5b238bcd786f97b22e74616d21bb,"Native cedar public fixture bundle imported and normalized from official example semantics; native fixtures=public_matrix_cedar_semantic_slice_03_entities.json,public_matrix_cedar_semantic_slice_03_policy.cedar"
public_matrix_cedar_semantic_slice_04,subject_seed,all_translated,anonymous-artifact-2026-06-21,Apache-2.0; raw native fixture hashes and normalized subject hash recorded in source_manifest.csv,https://docs.cedarpolicy.com/auth/authorization.html,subjects/public/public_matrix_cedar_semantic_slice_04.json,7533b25476ce2d2a8c7df9fe5b6cdff109917c00be6800a00e699521fa19a882,"Native cedar public fixture bundle imported and normalized from official example semantics; native fixtures=public_matrix_cedar_semantic_slice_04_entities.json,public_matrix_cedar_semantic_slice_04_policy.cedar"
public_matrix_cedar_semantic_slice_05,subject_seed,all_translated,anonymous-artifact-2026-06-21,Apache-2.0; raw native fixture hashes and normalized subject hash recorded in source_manifest.csv,https://docs.cedarpolicy.com/auth/authorization.html,subjects/public/public_matrix_cedar_semantic_slice_05.json,f74292b3de941c1f4d896b8608327da83e1532da9eb73d7f5483316baf167456,"Native cedar public fixture bundle imported and normalized from official example semantics; native fixtures=public_matrix_cedar_semantic_slice_05_entities.json,public_matrix_cedar_semantic_slice_05_policy.cedar"
public_matrix_cedar_semantic_slice_06,subject_seed,all_translated,anonymous-artifact-2026-06-21,Apache-2.0; raw native fixture hashes and normalized subject hash recorded in source_manifest.csv,https://docs.cedarpolicy.com/auth/authorization.html,subjects/public/public_matrix_cedar_semantic_slice_06.json,7cf5c6023e29a38a88907df4baf80f781de70135d5e609f69d7976c420209ea7,"Native cedar public fixture bundle imported and normalized from official example semantics; native fixtures=public_matrix_cedar_semantic_slice_06_entities.json,public_matrix_cedar_semantic_slice_06_policy.cedar"
public_matrix_cedar_semantic_slice_07,subject_seed,all_translated,anonymous-artifact-2026-06-21,Apache-2.0; raw native fixture hashes and normalized subject hash recorded in source_manifest.csv,https://docs.cedarpolicy.com/auth/authorization.html,subjects/public/public_matrix_cedar_semantic_slice_07.json,cbf03e0a460363d73b6ca900960cf184b776c5d8fb9c72037b372d8acb20c834,"Native cedar public fixture bundle imported and normalized from official example semantics; native fixtures=public_matrix_cedar_semantic_slice_07_entities.json,public_matrix_cedar_semantic_slice_07_policy.cedar"
public_matrix_cedar_semantic_slice_08,subject_seed,all_translated,anonymous-artifact-2026-06-21,Apache-2.0; raw native fixture hashes and normalized subject hash recorded in source_manifest.csv,https://docs.cedarpolicy.com/auth/authorization.html,subjects/public/public_matrix_cedar_semantic_slice_08.json,0e26c90e2beb80ea60e75a082e7de6a1d54559951331c97eb54e7f471e133656,"Native cedar public fixture bundle imported and normalized from official example semantics; native fixtures=public_matrix_cedar_semantic_slice_08_entities.json,public_matrix_cedar_semantic_slice_08_policy.cedar"
public_matrix_cedar_semantic_slice_09,subject_seed,all_translated,anonymous-artifact-2026-06-21,Apache-2.0; raw native fixture hashes and normalized subject hash recorded in source_manifest.csv,https://docs.cedarpolicy.com/auth/authorization.html,subjects/public/public_matrix_cedar_semantic_slice_09.json,04328ad092901dcf4c0be42b75a877372c9eccdc40ecd3318816afb6fcf0b138,"Native cedar public fixture bundle imported and normalized from official example semantics; native fixtures=public_matrix_cedar_semantic_slice_09_entities.json,public_matrix_cedar_semantic_slice_09_policy.cedar"
public_matrix_cedar_semantic_slice_10,subject_seed,all_translated,anonymous-artifact-2026-06-21,Apache-2.0; raw native fixture hashes and normalized subject hash recorded in source_manifest.csv,https://docs.cedarpolicy.com/auth/authorization.html,subjects/public/public_matrix_cedar_semantic_slice_10.json,0e776fae567879b7f9e0b229b76295e05f88c6246885a54405f4cf3e7cb39605,"Native cedar public fixture bundle imported and normalized from official example semantics; native fixtures=public_matrix_cedar_semantic_slice_10_entities.json,public_matrix_cedar_semantic_slice_10_policy.cedar"
public_deep_casbin_stress_slice_01,subject_seed,all_translated,anonymous-artifact-2026-06-21,Apache-2.0; raw native fixture hashes and normalized subject hash recorded in source_manifest.csv,https://casbin.apache.org/docs/syntax-for-models/,subjects/public/public_deep_casbin_stress_slice_01.json,033e40c54c1475170eeda6e22f8198e8b4ff65bb42558efcc252ba337983598f,"Native casbin public fixture bundle imported and normalized from official example semantics; native fixtures=public_deep_casbin_stress_slice_01_model.conf,public_deep_casbin_stress_slice_01_policy.csv"
public_deep_casbin_stress_slice_02,subject_seed,all_translated,anonymous-artifact-2026-06-21,Apache-2.0; raw native fixture hashes and normalized subject hash recorded in source_manifest.csv,https://casbin.apache.org/docs/syntax-for-models/,subjects/public/public_deep_casbin_stress_slice_02.json,172b8c84830fdb146e874f204dc121573d998059b9c6d0f45ab811a9f725de49,"Native casbin public fixture bundle imported and normalized from official example semantics; native fixtures=public_deep_casbin_stress_slice_02_model.conf,public_deep_casbin_stress_slice_02_policy.csv"
public_deep_casbin_stress_slice_03,subject_seed,all_translated,anonymous-artifact-2026-06-21,Apache-2.0; raw native fixture hashes and normalized subject hash recorded in source_manifest.csv,https://casbin.apache.org/docs/syntax-for-models/,subjects/public/public_deep_casbin_stress_slice_03.json,e98f42db4b9c23943b324a492a7a7f4234aff8feef2d09250512b79a68d4ef75,"Native casbin public fixture bundle imported and normalized from official example semantics; native fixtures=public_deep_casbin_stress_slice_03_model.conf,public_deep_casbin_stress_slice_03_policy.csv"
public_deep_casbin_stress_slice_04,subject_seed,all_translated,anonymous-artifact-2026-06-21,Apache-2.0; raw native fixture hashes and normalized subject hash recorded in source_manifest.csv,https://casbin.apache.org/docs/syntax-for-models/,subjects/public/public_deep_casbin_stress_slice_04.json,8c85c8f4d293019d3e39595b5541d5988c275af0579b19d09e4af1f420f17211,"Native casbin public fixture bundle imported and normalized from official example semantics; native fixtures=public_deep_casbin_stress_slice_04_model.conf,public_deep_casbin_stress_slice_04_policy.csv"
public_deep_casbin_stress_slice_05,subject_seed,all_translated,anonymous-artifact-2026-06-21,Apache-2.0; raw native fixture hashes and normalized subject hash recorded in source_manifest.csv,https://casbin.apache.org/docs/syntax-for-models/,subjects/public/public_deep_casbin_stress_slice_05.json,df968228c00910194da6759b6176318867baea7e3c727b0cfb6be2d9756a336a,"Native casbin public fixture bundle imported and normalized from official example semantics; native fixtures=public_deep_casbin_stress_slice_05_model.conf,public_deep_casbin_stress_slice_05_policy.csv"
public_deep_casbin_stress_slice_06,subject_seed,all_translated,anonymous-artifact-2026-06-21,Apache-2.0; raw native fixture hashes and normalized subject hash recorded in source_manifest.csv,https://casbin.apache.org/docs/syntax-for-models/,subjects/public/public_deep_casbin_stress_slice_06.json,5549fd56e6e2c4ae8e7b26b28b6aa85872c9875cc8772acbe7b9aa88f85040e2,"Native casbin public fixture bundle imported and normalized from official example semantics; native fixtures=public_deep_casbin_stress_slice_06_model.conf,public_deep_casbin_stress_slice_06_policy.csv"
public_deep_casbin_stress_slice_07,subject_seed,all_translated,anonymous-artifact-2026-06-21,Apache-2.0; raw native fixture hashes and normalized subject hash recorded in source_manifest.csv,https://casbin.apache.org/docs/syntax-for-models/,subjects/public/public_deep_casbin_stress_slice_07.json,c8e5cd9077d444a78e97f3898f8a1d51bb22b785dd324dbdb81588bb34eb41fb,"Native casbin public fixture bundle imported and normalized from official example semantics; native fixtures=public_deep_casbin_stress_slice_07_model.conf,public_deep_casbin_stress_slice_07_policy.csv"
public_deep_casbin_stress_slice_08,subject_seed,all_translated,anonymous-artifact-2026-06-21,Apache-2.0; raw native fixture hashes and normalized subject hash recorded in source_manifest.csv,https://casbin.apache.org/docs/syntax-for-models/,subjects/public/public_deep_casbin_stress_slice_08.json,c7988a87790fee865c59d28c887c99089c10ab382afc87044f163a8b2291bc35,"Native casbin public fixture bundle imported and normalized from official example semantics; native fixtures=public_deep_casbin_stress_slice_08_model.conf,public_deep_casbin_stress_slice_08_policy.csv"
public_deep_casbin_stress_slice_09,subject_seed,all_translated,anonymous-artifact-2026-06-21,Apache-2.0; raw native fixture hashes and normalized subject hash recorded in source_manifest.csv,https://casbin.apache.org/docs/syntax-for-models/,subjects/public/public_deep_casbin_stress_slice_09.json,1abf7ed5c2ffd97221778e2d0400be156b0ce1acaad9902b94d9c68dfc7c5fce,"Native casbin public fixture bundle imported and normalized from official example semantics; native fixtures=public_deep_casbin_stress_slice_09_model.conf,public_deep_casbin_stress_slice_09_policy.csv"
public_deep_casbin_stress_slice_10,subject_seed,all_translated,anonymous-artifact-2026-06-21,Apache-2.0; raw native fixture hashes and normalized subject hash recorded in source_manifest.csv,https://casbin.apache.org/docs/syntax-for-models/,subjects/public/public_deep_casbin_stress_slice_10.json,7f5674fff27c2e766f5dd4beb66cda112802f5734166c9cd1174fcaa64d48433,"Native casbin public fixture bundle imported and normalized from official example semantics; native fixtures=public_deep_casbin_stress_slice_10_model.conf,public_deep_casbin_stress_slice_10_policy.csv"
public_deep_casbin_stress_slice_11,subject_seed,all_translated,anonymous-artifact-2026-06-21,Apache-2.0; raw native fixture hashes and normalized subject hash recorded in source_manifest.csv,https://casbin.apache.org/docs/syntax-for-models/,subjects/public/public_deep_casbin_stress_slice_11.json,b8ae604312257b04cb7f80927f17cc68af6bb78c6b4a51a2a3b1844ff098ce38,"Native casbin public fixture bundle imported and normalized from official example semantics; native fixtures=public_deep_casbin_stress_slice_11_model.conf,public_deep_casbin_stress_slice_11_policy.csv"
public_deep_casbin_stress_slice_12,subject_seed,all_translated,anonymous-artifact-2026-06-21,Apache-2.0; raw native fixture hashes and normalized subject hash recorded in source_manifest.csv,https://casbin.apache.org/docs/syntax-for-models/,subjects/public/public_deep_casbin_stress_slice_12.json,3cc81dc3485ca892ea7e2336e487a4d0db69d072b7e293ec1ce61e36f866e1e4,"Native casbin public fixture bundle imported and normalized from official example semantics; native fixtures=public_deep_casbin_stress_slice_12_model.conf,public_deep_casbin_stress_slice_12_policy.csv"
public_deep_casbin_stress_slice_13,subject_seed,all_translated,anonymous-artifact-2026-06-21,Apache-2.0; raw native fixture hashes and normalized subject hash recorded in source_manifest.csv,https://casbin.apache.org/docs/syntax-for-models/,subjects/public/public_deep_casbin_stress_slice_13.json,2313dacd0647af186987641560dc8711d252abc1e108f25490ba57c183f63697,"Native casbin public fixture bundle imported and normalized from official example semantics; native fixtures=public_deep_casbin_stress_slice_13_model.conf,public_deep_casbin_stress_slice_13_policy.csv"
public_deep_casbin_stress_slice_14,subject_seed,all_translated,anonymous-artifact-2026-06-21,Apache-2.0; raw native fixture hashes and normalized subject hash recorded in source_manifest.csv,https://casbin.apache.org/docs/syntax-for-models/,subjects/public/public_deep_casbin_stress_slice_14.json,21923628479faf54e7f0ab164857ea2f02b2409547bdc1b1d607ae4a8fe9ae8a,"Native casbin public fixture bundle imported and normalized from official example semantics; native fixtures=public_deep_casbin_stress_slice_14_model.conf,public_deep_casbin_stress_slice_14_policy.csv"
public_deep_casbin_stress_slice_15,subject_seed,all_translated,anonymous-artifact-2026-06-21,Apache-2.0; raw native fixture hashes and normalized subject hash recorded in source_manifest.csv,https://casbin.apache.org/docs/syntax-for-models/,subjects/public/public_deep_casbin_stress_slice_15.json,b414674b0d2c5dbe6f56ebf01e5872b78c6d15065d0bbeb28f2772bef69ec1a1,"Native casbin public fixture bundle imported and normalized from official example semantics; native fixtures=public_deep_casbin_stress_slice_15_model.conf,public_deep_casbin_stress_slice_15_policy.csv"
public_deep_casbin_stress_slice_16,subject_seed,all_translated,anonymous-artifact-2026-06-21,Apache-2.0; raw native fixture hashes and normalized subject hash recorded in source_manifest.csv,https://casbin.apache.org/docs/syntax-for-models/,subjects/public/public_deep_casbin_stress_slice_16.json,cc6c62ccf7c4a84602e39f72cddc7b07374eec1ab07381b6383c48df8019dcdd,"Native casbin public fixture bundle imported and normalized from official example semantics; native fixtures=public_deep_casbin_stress_slice_16_model.conf,public_deep_casbin_stress_slice_16_policy.csv"
public_deep_casbin_stress_slice_17,subject_seed,all_translated,anonymous-artifact-2026-06-21,Apache-2.0; raw native fixture hashes and normalized subject hash recorded in source_manifest.csv,https://casbin.apache.org/docs/syntax-for-models/,subjects/public/public_deep_casbin_stress_slice_17.json,4b524ce2e1208b092db73a77d065e869acb426e96afe3d596c5a6eca4c44ecc6,"Native casbin public fixture bundle imported and normalized from official example semantics; native fixtures=public_deep_casbin_stress_slice_17_model.conf,public_deep_casbin_stress_slice_17_policy.csv"
public_deep_casbin_stress_slice_18,subject_seed,all_translated,anonymous-artifact-2026-06-21,Apache-2.0; raw native fixture hashes and normalized subject hash recorded in source_manifest.csv,https://casbin.apache.org/docs/syntax-for-models/,subjects/public/public_deep_casbin_stress_slice_18.json,b3ea48d43c619857c479e2ee2704ca65056ea8d5627344f1110a334ae3d212b0,"Native casbin public fixture bundle imported and normalized from official example semantics; native fixtures=public_deep_casbin_stress_slice_18_model.conf,public_deep_casbin_stress_slice_18_policy.csv"
public_deep_casbin_stress_slice_19,subject_seed,all_translated,anonymous-artifact-2026-06-21,Apache-2.0; raw native fixture hashes and normalized subject hash recorded in source_manifest.csv,https://casbin.apache.org/docs/syntax-for-models/,subjects/public/public_deep_casbin_stress_slice_19.json,b1046e1eb6a62079d24434bd2705d9e051f180ae467a4d5595ed86c421f95d34,"Native casbin public fixture bundle imported and normalized from official example semantics; native fixtures=public_deep_casbin_stress_slice_19_model.conf,public_deep_casbin_stress_slice_19_policy.csv"
public_deep_casbin_stress_slice_20,subject_seed,all_translated,anonymous-artifact-2026-06-21,Apache-2.0; raw native fixture hashes and normalized subject hash recorded in source_manifest.csv,https://casbin.apache.org/docs/syntax-for-models/,subjects/public/public_deep_casbin_stress_slice_20.json,810427a0cfc64c919e6ff273ac7e304a79938bf4bd6d55462985f121117deeb0,"Native casbin public fixture bundle imported and normalized from official example semantics; native fixtures=public_deep_casbin_stress_slice_20_model.conf,public_deep_casbin_stress_slice_20_policy.csv"
public_deep_casbin_stress_slice_21,subject_seed,all_translated,anonymous-artifact-2026-06-21,Apache-2.0; raw native fixture hashes and normalized subject hash recorded in source_manifest.csv,https://casbin.apache.org/docs/syntax-for-models/,subjects/public/public_deep_casbin_stress_slice_21.json,245a37a8926eaf0b1813e5f2fdc74e9c3713a970cbef22ef86259b4493bba882,"Native casbin public fixture bundle imported and normalized from official example semantics; native fixtures=public_deep_casbin_stress_slice_21_model.conf,public_deep_casbin_stress_slice_21_policy.csv"
public_deep_casbin_stress_slice_22,subject_seed,all_translated,anonymous-artifact-2026-06-21,Apache-2.0; raw native fixture hashes and normalized subject hash recorded in source_manifest.csv,https://casbin.apache.org/docs/syntax-for-models/,subjects/public/public_deep_casbin_stress_slice_22.json,a59e326e2e72da51dfcddc7c9b611d14472097b3a158010685cd842b2db84c1e,"Native casbin public fixture bundle imported and normalized from official example semantics; native fixtures=public_deep_casbin_stress_slice_22_model.conf,public_deep_casbin_stress_slice_22_policy.csv"
public_deep_casbin_stress_slice_23,subject_seed,all_translated,anonymous-artifact-2026-06-21,Apache-2.0; raw native fixture hashes and normalized subject hash recorded in source_manifest.csv,https://casbin.apache.org/docs/syntax-for-models/,subjects/public/public_deep_casbin_stress_slice_23.json,dd6731b70d9a3c67747a3c37bdbee771e96e0e72a8d7594d6e479724f78dccfa,"Native casbin public fixture bundle imported and normalized from official example semantics; native fixtures=public_deep_casbin_stress_slice_23_model.conf,public_deep_casbin_stress_slice_23_policy.csv"
public_deep_casbin_stress_slice_24,subject_seed,all_translated,anonymous-artifact-2026-06-21,Apache-2.0; raw native fixture hashes and normalized subject hash recorded in source_manifest.csv,https://casbin.apache.org/docs/syntax-for-models/,subjects/public/public_deep_casbin_stress_slice_24.json,2128e2c238f54e22795e51ea23bba8c6218334d87648682f726c77d551515d19,"Native casbin public fixture bundle imported and normalized from official example semantics; native fixtures=public_deep_casbin_stress_slice_24_model.conf,public_deep_casbin_stress_slice_24_policy.csv"
public_deep_casbin_stress_slice_25,subject_seed,all_translated,anonymous-artifact-2026-06-21,Apache-2.0; raw native fixture hashes and normalized subject hash recorded in source_manifest.csv,https://casbin.apache.org/docs/syntax-for-models/,subjects/public/public_deep_casbin_stress_slice_25.json,be29ecff85a08213c811252320ed4b5aedb28928f774808169d613736dd273ef,"Native casbin public fixture bundle imported and normalized from official example semantics; native fixtures=public_deep_casbin_stress_slice_25_model.conf,public_deep_casbin_stress_slice_25_policy.csv"
public_deep_casbin_stress_slice_26,subject_seed,all_translated,anonymous-artifact-2026-06-21,Apache-2.0; raw native fixture hashes and normalized subject hash recorded in source_manifest.csv,https://casbin.apache.org/docs/syntax-for-models/,subjects/public/public_deep_casbin_stress_slice_26.json,6c6087ca5b44e2747f65e5bcc5c1de174fd63236b8e7321880f8c8ef8d1fbf78,"Native casbin public fixture bundle imported and normalized from official example semantics; native fixtures=public_deep_casbin_stress_slice_26_model.conf,public_deep_casbin_stress_slice_26_policy.csv"
public_deep_casbin_stress_slice_27,subject_seed,all_translated,anonymous-artifact-2026-06-21,Apache-2.0; raw native fixture hashes and normalized subject hash recorded in source_manifest.csv,https://casbin.apache.org/docs/syntax-for-models/,subjects/public/public_deep_casbin_stress_slice_27.json,cbe0953869568100c0aaf19e09f7594fa128787084c8ae186544258c75390ad7,"Native casbin public fixture bundle imported and normalized from official example semantics; native fixtures=public_deep_casbin_stress_slice_27_model.conf,public_deep_casbin_stress_slice_27_policy.csv"
public_deep_casbin_stress_slice_28,subject_seed,all_translated,anonymous-artifact-2026-06-21,Apache-2.0; raw native fixture hashes and normalized subject hash recorded in source_manifest.csv,https://casbin.apache.org/docs/syntax-for-models/,subjects/public/public_deep_casbin_stress_slice_28.json,d05f657433e52b261eb487f4803c5632eb1e6a0060cd8d30145eb082fdf6f645,"Native casbin public fixture bundle imported and normalized from official example semantics; native fixtures=public_deep_casbin_stress_slice_28_model.conf,public_deep_casbin_stress_slice_28_policy.csv"
public_deep_casbin_stress_slice_29,subject_seed,all_translated,anonymous-artifact-2026-06-21,Apache-2.0; raw native fixture hashes and normalized subject hash recorded in source_manifest.csv,https://casbin.apache.org/docs/syntax-for-models/,subjects/public/public_deep_casbin_stress_slice_29.json,3fe24e1c08e458dd92f8e670c950d620ef2689b24a3c6573c309157108a9d061,"Native casbin public fixture bundle imported and normalized from official example semantics; native fixtures=public_deep_casbin_stress_slice_29_model.conf,public_deep_casbin_stress_slice_29_policy.csv"
public_deep_casbin_stress_slice_30,subject_seed,all_translated,anonymous-artifact-2026-06-21,Apache-2.0; raw native fixture hashes and normalized subject hash recorded in source_manifest.csv,https://casbin.apache.org/docs/syntax-for-models/,subjects/public/public_deep_casbin_stress_slice_30.json,89274fc6c3b58925ac4a534b1752dce90cdc3ab5e1d05150fa8d0a598a4fcc75,"Native casbin public fixture bundle imported and normalized from official example semantics; native fixtures=public_deep_casbin_stress_slice_30_model.conf,public_deep_casbin_stress_slice_30_policy.csv"
public_deep_casbin_stress_slice_31,subject_seed,all_translated,anonymous-artifact-2026-06-21,Apache-2.0; raw native fixture hashes and normalized subject hash recorded in source_manifest.csv,https://casbin.apache.org/docs/syntax-for-models/,subjects/public/public_deep_casbin_stress_slice_31.json,0f56f13c52a83c302db506f3176aebdec8aa9a0ea8d21841a21bb42dc2c1338a,"Native casbin public fixture bundle imported and normalized from official example semantics; native fixtures=public_deep_casbin_stress_slice_31_model.conf,public_deep_casbin_stress_slice_31_policy.csv"
public_deep_casbin_stress_slice_32,subject_seed,all_translated,anonymous-artifact-2026-06-21,Apache-2.0; raw native fixture hashes and normalized subject hash recorded in source_manifest.csv,https://casbin.apache.org/docs/syntax-for-models/,subjects/public/public_deep_casbin_stress_slice_32.json,1d207c32c5da0ab1fd07949e4ebf456367a831c09c04e338b6180e97caab2ff7,"Native casbin public fixture bundle imported and normalized from official example semantics; native fixtures=public_deep_casbin_stress_slice_32_model.conf,public_deep_casbin_stress_slice_32_policy.csv"
public_deep_casbin_stress_slice_33,subject_seed,all_translated,anonymous-artifact-2026-06-21,Apache-2.0; raw native fixture hashes and normalized subject hash recorded in source_manifest.csv,https://casbin.apache.org/docs/syntax-for-models/,subjects/public/public_deep_casbin_stress_slice_33.json,bd90f6ad974f0949aaa790557564f3460fdbc73b34b6431ed2556fb3f5c7c74e,"Native casbin public fixture bundle imported and normalized from official example semantics; native fixtures=public_deep_casbin_stress_slice_33_model.conf,public_deep_casbin_stress_slice_33_policy.csv"
public_deep_casbin_stress_slice_34,subject_seed,all_translated,anonymous-artifact-2026-06-21,Apache-2.0; raw native fixture hashes and normalized subject hash recorded in source_manifest.csv,https://casbin.apache.org/docs/syntax-for-models/,subjects/public/public_deep_casbin_stress_slice_34.json,833b115513518516efc523a62b06f8ff924e0626e40d95c6e5e329769cc8de05,"Native casbin public fixture bundle imported and normalized from official example semantics; native fixtures=public_deep_casbin_stress_slice_34_model.conf,public_deep_casbin_stress_slice_34_policy.csv"
public_deep_casbin_stress_slice_35,subject_seed,all_translated,anonymous-artifact-2026-06-21,Apache-2.0; raw native fixture hashes and normalized subject hash recorded in source_manifest.csv,https://casbin.apache.org/docs/syntax-for-models/,subjects/public/public_deep_casbin_stress_slice_35.json,09506b6829369b388d85f0de788aac5c3763d878a446a7948593e9d8d0258a9c,"Native casbin public fixture bundle imported and normalized from official example semantics; native fixtures=public_deep_casbin_stress_slice_35_model.conf,public_deep_casbin_stress_slice_35_policy.csv"
public_deep_casbin_stress_slice_36,subject_seed,all_translated,anonymous-artifact-2026-06-21,Apache-2.0; raw native fixture hashes and normalized subject hash recorded in source_manifest.csv,https://casbin.apache.org/docs/syntax-for-models/,subjects/public/public_deep_casbin_stress_slice_36.json,39ddd560b0ad6bd612a45338cc9d364afc1e6a5f03e9d97283ed37218f085d37,"Native casbin public fixture bundle imported and normalized from official example semantics; native fixtures=public_deep_casbin_stress_slice_36_model.conf,public_deep_casbin_stress_slice_36_policy.csv"
public_deep_casbin_stress_slice_37,subject_seed,all_translated,anonymous-artifact-2026-06-21,Apache-2.0; raw native fixture hashes and normalized subject hash recorded in source_manifest.csv,https://casbin.apache.org/docs/syntax-for-models/,subjects/public/public_deep_casbin_stress_slice_37.json,803d38b2165b4e49e169aa64402096fb80ebfc2792f17ad2cdb5afe026c33e59,"Native casbin public fixture bundle imported and normalized from official example semantics; native fixtures=public_deep_casbin_stress_slice_37_model.conf,public_deep_casbin_stress_slice_37_policy.csv"
public_deep_casbin_stress_slice_38,subject_seed,all_translated,anonymous-artifact-2026-06-21,Apache-2.0; raw native fixture hashes and normalized subject hash recorded in source_manifest.csv,https://casbin.apache.org/docs/syntax-for-models/,subjects/public/public_deep_casbin_stress_slice_38.json,31d3f167fe6945b76c7e79dc7b8272f6bdf4e45148dc6bec747c9d216d6f71a6,"Native casbin public fixture bundle imported and normalized from official example semantics; native fixtures=public_deep_casbin_stress_slice_38_model.conf,public_deep_casbin_stress_slice_38_policy.csv"
public_deep_cedar_stress_slice_01,subject_seed,all_translated,anonymous-artifact-2026-06-21,Apache-2.0; raw native fixture hashes and normalized subject hash recorded in source_manifest.csv,https://docs.cedarpolicy.com/auth/authorization.html,subjects/public/public_deep_cedar_stress_slice_01.json,ac2d7a8afd8bbcfd4598f962fdc7a56fbbfb5280df26dd050c524cbe6fa51c9c,"Native cedar public fixture bundle imported and normalized from official example semantics; native fixtures=public_deep_cedar_stress_slice_01_entities.json,public_deep_cedar_stress_slice_01_policy.cedar"
public_deep_cedar_stress_slice_02,subject_seed,all_translated,anonymous-artifact-2026-06-21,Apache-2.0; raw native fixture hashes and normalized subject hash recorded in source_manifest.csv,https://docs.cedarpolicy.com/auth/authorization.html,subjects/public/public_deep_cedar_stress_slice_02.json,7e48356eb3dd2c69d04bd0a0b7c31fadf3cf46901fbbcb3d1eae71123e961752,"Native cedar public fixture bundle imported and normalized from official example semantics; native fixtures=public_deep_cedar_stress_slice_02_entities.json,public_deep_cedar_stress_slice_02_policy.cedar"
public_deep_cedar_stress_slice_03,subject_seed,all_translated,anonymous-artifact-2026-06-21,Apache-2.0; raw native fixture hashes and normalized subject hash recorded in source_manifest.csv,https://docs.cedarpolicy.com/auth/authorization.html,subjects/public/public_deep_cedar_stress_slice_03.json,d53b4d94682d39dc8d898a9cad15d9ec8fa8798ee8f8c835397c047dcb17cdf6,"Native cedar public fixture bundle imported and normalized from official example semantics; native fixtures=public_deep_cedar_stress_slice_03_entities.json,public_deep_cedar_stress_slice_03_policy.cedar"
public_deep_cedar_stress_slice_04,subject_seed,all_translated,anonymous-artifact-2026-06-21,Apache-2.0; raw native fixture hashes and normalized subject hash recorded in source_manifest.csv,https://docs.cedarpolicy.com/auth/authorization.html,subjects/public/public_deep_cedar_stress_slice_04.json,68447162c041d690cdcc860be9e75495c4d955b71d1acb332d4a5aeb27011734,"Native cedar public fixture bundle imported and normalized from official example semantics; native fixtures=public_deep_cedar_stress_slice_04_entities.json,public_deep_cedar_stress_slice_04_policy.cedar"
public_deep_cedar_stress_slice_05,subject_seed,all_translated,anonymous-artifact-2026-06-21,Apache-2.0; raw native fixture hashes and normalized subject hash recorded in source_manifest.csv,https://docs.cedarpolicy.com/auth/authorization.html,subjects/public/public_deep_cedar_stress_slice_05.json,d865d63deeeb13fe73cd20844baeb999df3c92abe61318de2d422aef59900802,"Native cedar public fixture bundle imported and normalized from official example semantics; native fixtures=public_deep_cedar_stress_slice_05_entities.json,public_deep_cedar_stress_slice_05_policy.cedar"
public_deep_cedar_stress_slice_06,subject_seed,all_translated,anonymous-artifact-2026-06-21,Apache-2.0; raw native fixture hashes and normalized subject hash recorded in source_manifest.csv,https://docs.cedarpolicy.com/auth/authorization.html,subjects/public/public_deep_cedar_stress_slice_06.json,400f369edb86c076e89678cb68dce99ced1434226587b3e5149580276f1c797c,"Native cedar public fixture bundle imported and normalized from official example semantics; native fixtures=public_deep_cedar_stress_slice_06_entities.json,public_deep_cedar_stress_slice_06_policy.cedar"
public_deep_cedar_stress_slice_07,subject_seed,all_translated,anonymous-artifact-2026-06-21,Apache-2.0; raw native fixture hashes and normalized subject hash recorded in source_manifest.csv,https://docs.cedarpolicy.com/auth/authorization.html,subjects/public/public_deep_cedar_stress_slice_07.json,77a4874777329cb95ef70551b53782d2f617090e139984b159dee5bbc04dc2b9,"Native cedar public fixture bundle imported and normalized from official example semantics; native fixtures=public_deep_cedar_stress_slice_07_entities.json,public_deep_cedar_stress_slice_07_policy.cedar"
public_deep_cedar_stress_slice_08,subject_seed,all_translated,anonymous-artifact-2026-06-21,Apache-2.0; raw native fixture hashes and normalized subject hash recorded in source_manifest.csv,https://docs.cedarpolicy.com/auth/authorization.html,subjects/public/public_deep_cedar_stress_slice_08.json,8c33e2c1f0855ec83b1fdaccd30fc515563f03a34bfa036f82ca51e46027089a,"Native cedar public fixture bundle imported and normalized from official example semantics; native fixtures=public_deep_cedar_stress_slice_08_entities.json,public_deep_cedar_stress_slice_08_policy.cedar"
public_deep_cedar_stress_slice_09,subject_seed,all_translated,anonymous-artifact-2026-06-21,Apache-2.0; raw native fixture hashes and normalized subject hash recorded in source_manifest.csv,https://docs.cedarpolicy.com/auth/authorization.html,subjects/public/public_deep_cedar_stress_slice_09.json,5adbb01215264688dece71a86698bcdab9966f3e7ec4cca4a34c336edd17056f,"Native cedar public fixture bundle imported and normalized from official example semantics; native fixtures=public_deep_cedar_stress_slice_09_entities.json,public_deep_cedar_stress_slice_09_policy.cedar"
public_deep_cedar_stress_slice_10,subject_seed,all_translated,anonymous-artifact-2026-06-21,Apache-2.0; raw native fixture hashes and normalized subject hash recorded in source_manifest.csv,https://docs.cedarpolicy.com/auth/authorization.html,subjects/public/public_deep_cedar_stress_slice_10.json,be384842d7bdb8e30baf96006b63b1abacb5fa1f393ded4e103a68e6a88d09ed,"Native cedar public fixture bundle imported and normalized from official example semantics; native fixtures=public_deep_cedar_stress_slice_10_entities.json,public_deep_cedar_stress_slice_10_policy.cedar"
public_deep_cedar_stress_slice_11,subject_seed,all_translated,anonymous-artifact-2026-06-21,Apache-2.0; raw native fixture hashes and normalized subject hash recorded in source_manifest.csv,https://docs.cedarpolicy.com/auth/authorization.html,subjects/public/public_deep_cedar_stress_slice_11.json,4badd2d98ec58003fec90f7877caf6bb579c41d29692fbecf84d67081ed957f2,"Native cedar public fixture bundle imported and normalized from official example semantics; native fixtures=public_deep_cedar_stress_slice_11_entities.json,public_deep_cedar_stress_slice_11_policy.cedar"
public_deep_cedar_stress_slice_12,subject_seed,all_translated,anonymous-artifact-2026-06-21,Apache-2.0; raw native fixture hashes and normalized subject hash recorded in source_manifest.csv,https://docs.cedarpolicy.com/auth/authorization.html,subjects/public/public_deep_cedar_stress_slice_12.json,1830479d351cadc62f86298ec4288ed3254f68d76efb74174b20b9c34685c7ad,"Native cedar public fixture bundle imported and normalized from official example semantics; native fixtures=public_deep_cedar_stress_slice_12_entities.json,public_deep_cedar_stress_slice_12_policy.cedar"
public_deep_cedar_stress_slice_13,subject_seed,all_translated,anonymous-artifact-2026-06-21,Apache-2.0; raw native fixture hashes and normalized subject hash recorded in source_manifest.csv,https://docs.cedarpolicy.com/auth/authorization.html,subjects/public/public_deep_cedar_stress_slice_13.json,ffa55c985c17804e3007e7af4691ad5496d1760b8f8bbdc85c3533425454c39f,"Native cedar public fixture bundle imported and normalized from official example semantics; native fixtures=public_deep_cedar_stress_slice_13_entities.json,public_deep_cedar_stress_slice_13_policy.cedar"
public_deep_cedar_stress_slice_14,subject_seed,all_translated,anonymous-artifact-2026-06-21,Apache-2.0; raw native fixture hashes and normalized subject hash recorded in source_manifest.csv,https://docs.cedarpolicy.com/auth/authorization.html,subjects/public/public_deep_cedar_stress_slice_14.json,15b24620918fe2cee10147e9e374c8f839f4368eb13f933860202434f082855f,"Native cedar public fixture bundle imported and normalized from official example semantics; native fixtures=public_deep_cedar_stress_slice_14_entities.json,public_deep_cedar_stress_slice_14_policy.cedar"
public_deep_cedar_stress_slice_15,subject_seed,all_translated,anonymous-artifact-2026-06-21,Apache-2.0; raw native fixture hashes and normalized subject hash recorded in source_manifest.csv,https://docs.cedarpolicy.com/auth/authorization.html,subjects/public/public_deep_cedar_stress_slice_15.json,0a5b1625a6d65889c97cc3823fc4e4b5b382135e8fdd0bc95d49bb9084ecfc4c,"Native cedar public fixture bundle imported and normalized from official example semantics; native fixtures=public_deep_cedar_stress_slice_15_entities.json,public_deep_cedar_stress_slice_15_policy.cedar"
public_deep_cedar_stress_slice_16,subject_seed,all_translated,anonymous-artifact-2026-06-21,Apache-2.0; raw native fixture hashes and normalized subject hash recorded in source_manifest.csv,https://docs.cedarpolicy.com/auth/authorization.html,subjects/public/public_deep_cedar_stress_slice_16.json,017e6c780e4d662711d3eacfc1f1e345d5daf02f6663d42127f489d665717ff9,"Native cedar public fixture bundle imported and normalized from official example semantics; native fixtures=public_deep_cedar_stress_slice_16_entities.json,public_deep_cedar_stress_slice_16_policy.cedar"
public_deep_cedar_stress_slice_17,subject_seed,all_translated,anonymous-artifact-2026-06-21,Apache-2.0; raw native fixture hashes and normalized subject hash recorded in source_manifest.csv,https://docs.cedarpolicy.com/auth/authorization.html,subjects/public/public_deep_cedar_stress_slice_17.json,bb2712fc150fec229d56e8ea11b53988ae20a475d079b79ce4093ff7ca0bc700,"Native cedar public fixture bundle imported and normalized from official example semantics; native fixtures=public_deep_cedar_stress_slice_17_entities.json,public_deep_cedar_stress_slice_17_policy.cedar"
public_deep_cedar_stress_slice_18,subject_seed,all_translated,anonymous-artifact-2026-06-21,Apache-2.0; raw native fixture hashes and normalized subject hash recorded in source_manifest.csv,https://docs.cedarpolicy.com/auth/authorization.html,subjects/public/public_deep_cedar_stress_slice_18.json,dc916622207ccfc0503f1f6e01a4b77a7614283d2c4d0b19f960d995b279136d,"Native cedar public fixture bundle imported and normalized from official example semantics; native fixtures=public_deep_cedar_stress_slice_18_entities.json,public_deep_cedar_stress_slice_18_policy.cedar"
public_deep_cedar_stress_slice_19,subject_seed,all_translated,anonymous-artifact-2026-06-21,Apache-2.0; raw native fixture hashes and normalized subject hash recorded in source_manifest.csv,https://docs.cedarpolicy.com/auth/authorization.html,subjects/public/public_deep_cedar_stress_slice_19.json,b5112d99441461f84fdbd473bd5cdb6b59be04031a872ce46f555043e0529122,"Native cedar public fixture bundle imported and normalized from official example semantics; native fixtures=public_deep_cedar_stress_slice_19_entities.json,public_deep_cedar_stress_slice_19_policy.cedar"
public_deep_cedar_stress_slice_20,subject_seed,all_translated,anonymous-artifact-2026-06-21,Apache-2.0; raw native fixture hashes and normalized subject hash recorded in source_manifest.csv,https://docs.cedarpolicy.com/auth/authorization.html,subjects/public/public_deep_cedar_stress_slice_20.json,ce9f74dfc6b1ce679579ec5fcffaa6a689dab30bf3c615f049552acfaf9d60db,"Native cedar public fixture bundle imported and normalized from official example semantics; native fixtures=public_deep_cedar_stress_slice_20_entities.json,public_deep_cedar_stress_slice_20_policy.cedar"
public_deep_cedar_stress_slice_21,subject_seed,all_translated,anonymous-artifact-2026-06-21,Apache-2.0; raw native fixture hashes and normalized subject hash recorded in source_manifest.csv,https://docs.cedarpolicy.com/auth/authorization.html,subjects/public/public_deep_cedar_stress_slice_21.json,bc86ba26e910f98f83141b59eef888e6c1c5d6b6d9834fc9100b7e87da2c6c62,"Native cedar public fixture bundle imported and normalized from official example semantics; native fixtures=public_deep_cedar_stress_slice_21_entities.json,public_deep_cedar_stress_slice_21_policy.cedar"
public_deep_cedar_stress_slice_22,subject_seed,all_translated,anonymous-artifact-2026-06-21,Apache-2.0; raw native fixture hashes and normalized subject hash recorded in source_manifest.csv,https://docs.cedarpolicy.com/auth/authorization.html,subjects/public/public_deep_cedar_stress_slice_22.json,acb13bf0ef467b13fd3ffd1a77124c4e5c3470a3983215c5299d897c9b28cfe7,"Native cedar public fixture bundle imported and normalized from official example semantics; native fixtures=public_deep_cedar_stress_slice_22_entities.json,public_deep_cedar_stress_slice_22_policy.cedar"
public_deep_cedar_stress_slice_23,subject_seed,all_translated,anonymous-artifact-2026-06-21,Apache-2.0; raw native fixture hashes and normalized subject hash recorded in source_manifest.csv,https://docs.cedarpolicy.com/auth/authorization.html,subjects/public/public_deep_cedar_stress_slice_23.json,c4ccdf6a0e0732727062a2ab4ae0293bd2b6a97aa09c2ed8133d11ec5f7b4396,"Native cedar public fixture bundle imported and normalized from official example semantics; native fixtures=public_deep_cedar_stress_slice_23_entities.json,public_deep_cedar_stress_slice_23_policy.cedar"
public_deep_cedar_stress_slice_24,subject_seed,all_translated,anonymous-artifact-2026-06-21,Apache-2.0; raw native fixture hashes and normalized subject hash recorded in source_manifest.csv,https://docs.cedarpolicy.com/auth/authorization.html,subjects/public/public_deep_cedar_stress_slice_24.json,5d75db458714b315633ff90d7051b1bd846e0556f2e9aa36073d79003a9394d6,"Native cedar public fixture bundle imported and normalized from official example semantics; native fixtures=public_deep_cedar_stress_slice_24_entities.json,public_deep_cedar_stress_slice_24_policy.cedar"
public_deep_cedar_stress_slice_25,subject_seed,all_translated,anonymous-artifact-2026-06-21,Apache-2.0; raw native fixture hashes and normalized subject hash recorded in source_manifest.csv,https://docs.cedarpolicy.com/auth/authorization.html,subjects/public/public_deep_cedar_stress_slice_25.json,760f1daf2a65507438e2c81865a913d8ca3017f763bebc0827eabbf8fb7154f7,"Native cedar public fixture bundle imported and normalized from official example semantics; native fixtures=public_deep_cedar_stress_slice_25_entities.json,public_deep_cedar_stress_slice_25_policy.cedar"
public_deep_cedar_stress_slice_26,subject_seed,all_translated,anonymous-artifact-2026-06-21,Apache-2.0; raw native fixture hashes and normalized subject hash recorded in source_manifest.csv,https://docs.cedarpolicy.com/auth/authorization.html,subjects/public/public_deep_cedar_stress_slice_26.json,3247f42f01ff1cef5167fcb997c7befbdb9df38bfdd432e711d95f34f50f30f9,"Native cedar public fixture bundle imported and normalized from official example semantics; native fixtures=public_deep_cedar_stress_slice_26_entities.json,public_deep_cedar_stress_slice_26_policy.cedar"
public_deep_cedar_stress_slice_27,subject_seed,all_translated,anonymous-artifact-2026-06-21,Apache-2.0; raw native fixture hashes and normalized subject hash recorded in source_manifest.csv,https://docs.cedarpolicy.com/auth/authorization.html,subjects/public/public_deep_cedar_stress_slice_27.json,8903d5389152dca66bd58117ae3e5d2fd39eb5d662526ce782f75d6c929dc373,"Native cedar public fixture bundle imported and normalized from official example semantics; native fixtures=public_deep_cedar_stress_slice_27_entities.json,public_deep_cedar_stress_slice_27_policy.cedar"
public_deep_cedar_stress_slice_28,subject_seed,all_translated,anonymous-artifact-2026-06-21,Apache-2.0; raw native fixture hashes and normalized subject hash recorded in source_manifest.csv,https://docs.cedarpolicy.com/auth/authorization.html,subjects/public/public_deep_cedar_stress_slice_28.json,5b4166b5db44f7e6ab4e4a613fc6f0837c4dc6c3acec6da9cdc0d94297659910,"Native cedar public fixture bundle imported and normalized from official example semantics; native fixtures=public_deep_cedar_stress_slice_28_entities.json,public_deep_cedar_stress_slice_28_policy.cedar"
public_deep_cedar_stress_slice_29,subject_seed,all_translated,anonymous-artifact-2026-06-21,Apache-2.0; raw native fixture hashes and normalized subject hash recorded in source_manifest.csv,https://docs.cedarpolicy.com/auth/authorization.html,subjects/public/public_deep_cedar_stress_slice_29.json,a1ada19699177b91435c64a396b6da566116a8122d8023a5461c5ec997a8c2ad,"Native cedar public fixture bundle imported and normalized from official example semantics; native fixtures=public_deep_cedar_stress_slice_29_entities.json,public_deep_cedar_stress_slice_29_policy.cedar"
public_deep_cedar_stress_slice_30,subject_seed,all_translated,anonymous-artifact-2026-06-21,Apache-2.0; raw native fixture hashes and normalized subject hash recorded in source_manifest.csv,https://docs.cedarpolicy.com/auth/authorization.html,subjects/public/public_deep_cedar_stress_slice_30.json,bbfaea008f5df850c4cca7d98cfe6d4b10869d554a3d7627ed9b02b861e897ff,"Native cedar public fixture bundle imported and normalized from official example semantics; native fixtures=public_deep_cedar_stress_slice_30_entities.json,public_deep_cedar_stress_slice_30_policy.cedar"
public_deep_cedar_stress_slice_31,subject_seed,all_translated,anonymous-artifact-2026-06-21,Apache-2.0; raw native fixture hashes and normalized subject hash recorded in source_manifest.csv,https://docs.cedarpolicy.com/auth/authorization.html,subjects/public/public_deep_cedar_stress_slice_31.json,abc61d51c2c0da24cae3ef53f2c3cb532cb68070c6e639948b49b17fff9290f7,"Native cedar public fixture bundle imported and normalized from official example semantics; native fixtures=public_deep_cedar_stress_slice_31_entities.json,public_deep_cedar_stress_slice_31_policy.cedar"
public_deep_cedar_stress_slice_32,subject_seed,all_translated,anonymous-artifact-2026-06-21,Apache-2.0; raw native fixture hashes and normalized subject hash recorded in source_manifest.csv,https://docs.cedarpolicy.com/auth/authorization.html,subjects/public/public_deep_cedar_stress_slice_32.json,50a6f50b7d8d0282da11d25482229208d115534815ddf829042e00c26814d687,"Native cedar public fixture bundle imported and normalized from official example semantics; native fixtures=public_deep_cedar_stress_slice_32_entities.json,public_deep_cedar_stress_slice_32_policy.cedar"
public_deep_cedar_stress_slice_33,subject_seed,all_translated,anonymous-artifact-2026-06-21,Apache-2.0; raw native fixture hashes and normalized subject hash recorded in source_manifest.csv,https://docs.cedarpolicy.com/auth/authorization.html,subjects/public/public_deep_cedar_stress_slice_33.json,49c98b3acb1f81b5551888b5ecfed943a3189c2c27f09e552450d284460d5d2c,"Native cedar public fixture bundle imported and normalized from official example semantics; native fixtures=public_deep_cedar_stress_slice_33_entities.json,public_deep_cedar_stress_slice_33_policy.cedar"
public_deep_cedar_stress_slice_34,subject_seed,all_translated,anonymous-artifact-2026-06-21,Apache-2.0; raw native fixture hashes and normalized subject hash recorded in source_manifest.csv,https://docs.cedarpolicy.com/auth/authorization.html,subjects/public/public_deep_cedar_stress_slice_34.json,3f16be1925a2557744320476b545aa11f5d9539979f9df5d242737b31da290c8,"Native cedar public fixture bundle imported and normalized from official example semantics; native fixtures=public_deep_cedar_stress_slice_34_entities.json,public_deep_cedar_stress_slice_34_policy.cedar"
public_deep_cedar_stress_slice_35,subject_seed,all_translated,anonymous-artifact-2026-06-21,Apache-2.0; raw native fixture hashes and normalized subject hash recorded in source_manifest.csv,https://docs.cedarpolicy.com/auth/authorization.html,subjects/public/public_deep_cedar_stress_slice_35.json,2e01f01333be85d79b81c96dd88afdf679f5e2c9a6344f29bc3adb56aeff3e02,"Native cedar public fixture bundle imported and normalized from official example semantics; native fixtures=public_deep_cedar_stress_slice_35_entities.json,public_deep_cedar_stress_slice_35_policy.cedar"
public_deep_cedar_stress_slice_36,subject_seed,all_translated,anonymous-artifact-2026-06-21,Apache-2.0; raw native fixture hashes and normalized subject hash recorded in source_manifest.csv,https://docs.cedarpolicy.com/auth/authorization.html,subjects/public/public_deep_cedar_stress_slice_36.json,0888af081ade6aa732e36ce742ce77c7448a1251b99a845b0f315a9c02b9ca5c,"Native cedar public fixture bundle imported and normalized from official example semantics; native fixtures=public_deep_cedar_stress_slice_36_entities.json,public_deep_cedar_stress_slice_36_policy.cedar"
public_deep_cedar_stress_slice_37,subject_seed,all_translated,anonymous-artifact-2026-06-21,Apache-2.0; raw native fixture hashes and normalized subject hash recorded in source_manifest.csv,https://docs.cedarpolicy.com/auth/authorization.html,subjects/public/public_deep_cedar_stress_slice_37.json,1f7fbb72a6a6b65ce45fec79a18fa7eb2e7ac9df620fe8de0afb83035d1650cc,"Native cedar public fixture bundle imported and normalized from official example semantics; native fixtures=public_deep_cedar_stress_slice_37_entities.json,public_deep_cedar_stress_slice_37_policy.cedar"
public_deep_cedar_stress_slice_38,subject_seed,all_translated,anonymous-artifact-2026-06-21,Apache-2.0; raw native fixture hashes and normalized subject hash recorded in source_manifest.csv,https://docs.cedarpolicy.com/auth/authorization.html,subjects/public/public_deep_cedar_stress_slice_38.json,04d621fd9238f2f1dbca6a4f92c9d5f034a0dfebc6cde5f6f259b91772917471,"Native cedar public fixture bundle imported and normalized from official example semantics; native fixtures=public_deep_cedar_stress_slice_38_entities.json,public_deep_cedar_stress_slice_38_policy.cedar"
