paper_bib_key,entry_type,identifier_type,identifier,title,verification_source,integrity_note
ahmed2024icseartifacts,article,url,https://arxiv.org/abs/2404.05826,Decade-Long Utilization Patterns of ICSE Technical Papers and Associated Artifacts,"official project, standards, publisher, or package page","included because cited in main.bbl; checked for non-placeholder key, nonempty title, and DOI/URL or stable venue metadata"
ammann2016introduction,book,doi,10.1017/CBO9781316771273,Introduction to Software Testing,DOI/Crossref or publisher metadata target,"included because cited in main.bbl; checked for non-placeholder key, nonempty title, and DOI/URL or stable venue metadata"
anand2013orchestrated,article,doi,10.1016/j.jss.2013.02.061,An Orchestrated Survey of Methodologies for Automated Software Test Case Generation,DOI/Crossref or publisher metadata target,"included because cited in main.bbl; checked for non-placeholder key, nonempty title, and DOI/URL or stable venue metadata"
backes2018zelkova,inproceedings,doi,10.23919/FMCAD.2018.8602994,Semantic-Based Automated Reasoning for AWS Access Policies using SMT,DOI/Crossref or publisher metadata target,"included because cited in main.bbl; checked for non-placeholder key, nonempty title, and DOI/URL or stable venue metadata"
backes2020stratified,inproceedings,doi,10.1007/978-3-030-53288-8_9,Stratified Abstraction of Access Control Policies,DOI/Crossref or publisher metadata target,"included because cited in main.bbl; checked for non-placeholder key, nonempty title, and DOI/URL or stable venue metadata"
barr2015oracle,article,doi,10.1109/TSE.2014.2372785,The Oracle Problem in Software Testing: A Survey,DOI/Crossref or publisher metadata target,"included because cited in main.bbl; checked for non-placeholder key, nonempty title, and DOI/URL or stable venue metadata"
bertolino2010systematic,inproceedings,doi,10.1109/SEAA.2010.58,Systematic XACML Request Generation for Testing Purposes,DOI/Crossref or publisher metadata target,"included because cited in main.bbl; checked for non-placeholder key, nonempty title, and DOI/URL or stable venue metadata"
bertolino2012xacmlrequests,inproceedings,doi,10.1109/ICST.2012.185,Automatic XACML Requests Generation for Policy Testing,DOI/Crossref or publisher metadata target,"included because cited in main.bbl; checked for non-placeholder key, nonempty title, and DOI/URL or stable venue metadata"
cadar2008klee,inproceedings,url,https://www.usenix.org/legacy/event/osdi08/tech/full_papers/cadar/cadar.pdf,KLEE: Unassisted and Automatic Generation of High-Coverage Tests for Complex Systems Programs,"official project, standards, publisher, or package page","included because cited in main.bbl; checked for non-placeholder key, nonempty title, and DOI/URL or stable venue metadata"
casbin_abac_docs,misc,url,https://casbin.org/docs/abac,ABAC,"official project, standards, publisher, or package page","included because cited in main.bbl; checked for non-placeholder key, nonempty title, and DOI/URL or stable venue metadata"
casbin_effect_docs,misc,url,https://casbin.org/docs/syntax-for-models#policy-effect,Policy Effect,"official project, standards, publisher, or package page","included because cited in main.bbl; checked for non-placeholder key, nonempty title, and DOI/URL or stable venue metadata"
casbin_model_docs,misc,url,https://casbin.org/docs/syntax-for-models,Syntax for Models,"official project, standards, publisher, or package page","included because cited in main.bbl; checked for non-placeholder key, nonempty title, and DOI/URL or stable venue metadata"
casbin_priority_docs,misc,url,https://casbin.org/docs/priority-model,Priority Model,"official project, standards, publisher, or package page","included because cited in main.bbl; checked for non-placeholder key, nonempty title, and DOI/URL or stable venue metadata"
casbin_py_repo,misc,url,https://github.com/casbin/pycasbin,PyCasbin Repository,"official project, standards, publisher, or package page","included because cited in main.bbl; checked for non-placeholder key, nonempty title, and DOI/URL or stable venue metadata"
casbin_rbac_docs,misc,url,https://casbin.org/docs/rbac,RBAC,"official project, standards, publisher, or package page","included because cited in main.bbl; checked for non-placeholder key, nonempty title, and DOI/URL or stable venue metadata"
cedar_authz_docs,misc,url,https://docs.cedarpolicy.com/auth/authorization.html,How Cedar Authorization Works,"official project, standards, publisher, or package page","included because cited in main.bbl; checked for non-placeholder key, nonempty title, and DOI/URL or stable venue metadata"
cedar_entities_docs,misc,url,https://docs.cedarpolicy.com/auth/entities-syntax.html,Entities,"official project, standards, publisher, or package page","included because cited in main.bbl; checked for non-placeholder key, nonempty title, and DOI/URL or stable venue metadata"
cedar_github,misc,url,https://github.com/cedar-policy/cedar,Cedar Repository,"official project, standards, publisher, or package page","included because cited in main.bbl; checked for non-placeholder key, nonempty title, and DOI/URL or stable venue metadata"
cedar_integration_tests,misc,url,https://github.com/cedar-policy/cedar-integration-tests,Cedar Integration Tests Repository,"official project, standards, publisher, or package page","included because cited in main.bbl; checked for non-placeholder key, nonempty title, and DOI/URL or stable venue metadata"
cedar_policy_examples_docs,misc,url,https://docs.cedarpolicy.com/policies/syntax-policy.html,Policy Examples,"official project, standards, publisher, or package page","included because cited in main.bbl; checked for non-placeholder key, nonempty title, and DOI/URL or stable venue metadata"
cedar_request_docs,misc,url,https://docs.cedarpolicy.com/auth/authorization.html#request,Authorization Requests,"official project, standards, publisher, or package page","included because cited in main.bbl; checked for non-placeholder key, nonempty title, and DOI/URL or stable venue metadata"
cedar_schema_docs,misc,url,https://docs.cedarpolicy.com/schema/schema.html,Schemas,"official project, standards, publisher, or package page","included because cited in main.bbl; checked for non-placeholder key, nonempty title, and DOI/URL or stable venue metadata"
cedarpy_pypi,misc,url,https://pypi.org/project/cedarpy/4.8.3/,cedarpy Project Description,"official project, standards, publisher, or package page","included because cited in main.bbl; checked for non-placeholder key, nonempty title, and DOI/URL or stable venue metadata"
chen1998metamorphic,inproceedings,url,https://www.cse.ust.hk/~scc/TR/98-01.pdf,Metamorphic Testing: A New Approach for Generating Next Test Cases,"official project, standards, publisher, or package page","included because cited in main.bbl; checked for non-placeholder key, nonempty title, and DOI/URL or stable venue metadata"
chen2016mtcybersecurity,article,doi,10.1109/MC.2016.176,Metamorphic Testing for Cybersecurity,DOI/Crossref or publisher metadata target,"included because cited in main.bbl; checked for non-placeholder key, nonempty title, and DOI/URL or stable venue metadata"
clarke1976system,article,doi,10.1109/TSE.1976.233817,A System to Generate Test Data and Symbolically Execute Programs,DOI/Crossref or publisher metadata target,"included because cited in main.bbl; checked for non-placeholder key, nonempty title, and DOI/URL or stable venue metadata"
cutler2024cedar,article,doi,10.1145/3649835,"Cedar: A New Language for Expressive, Fast, Safe, and Analyzable Authorization",DOI/Crossref or publisher metadata target,"included because cited in main.bbl; checked for non-placeholder key, nonempty title, and DOI/URL or stable venue metadata"
disselkoen2024cedarvgd,inproceedings,doi,10.1145/3663529.3663854,How We Built Cedar: A Verification-Guided Approach,DOI/Crossref or publisher metadata target,"included because cited in main.bbl; checked for non-placeholder key, nonempty title, and DOI/URL or stable venue metadata"
ferraiolo1992rbac,inproceedings,url,https://csrc.nist.gov/publications/detail/conference-paper/1992/10/13/role-based-access-controls/final,Role-Based Access Controls,"official project, standards, publisher, or package page","included because cited in main.bbl; checked for non-placeholder key, nonempty title, and DOI/URL or stable venue metadata"
fisler2005verification,inproceedings,doi,10.1145/1062455.1062502,Verification and Change-Impact Analysis of Access-Control Policies,DOI/Crossref or publisher metadata target,"included because cited in main.bbl; checked for non-placeholder key, nonempty title, and DOI/URL or stable venue metadata"
fraser2011evosuite,inproceedings,doi,10.1145/2025113.2025179,EvoSuite: Automatic Test Suite Generation for Object-Oriented Software,DOI/Crossref or publisher metadata target,"included because cited in main.bbl; checked for non-placeholder key, nonempty title, and DOI/URL or stable venue metadata"
fraser2012mutation,inproceedings,doi,10.1145/2338965.2336769,Mutation-Driven Generation of Unit Tests and Oracles,DOI/Crossref or publisher metadata target,"included because cited in main.bbl; checked for non-placeholder key, nonempty title, and DOI/URL or stable venue metadata"
godefroid2008sage,inproceedings,url,https://www.ndss-symposium.org/ndss2008/automated-whitebox-fuzz-testing/,Automated Whitebox Fuzz Testing,"official project, standards, publisher, or package page","included because cited in main.bbl; checked for non-placeholder key, nonempty title, and DOI/URL or stable venue metadata"
guttman2025ngac,inproceedings,doi,10.1145/3734436.3734444,Safety Analysis in the NGAC Model,DOI/Crossref or publisher metadata target,"included because cited in main.bbl; checked for non-placeholder key, nonempty title, and DOI/URL or stable venue metadata"
icse2027_research,misc,url,https://conf.researchr.org/track/icse-2027/icse-2027-research-track,Research Track Call for Papers,"official project, standards, publisher, or package page","included because cited in main.bbl; checked for non-placeholder key, nonempty title, and DOI/URL or stable venue metadata"
ieee_format,misc,url,https://www.ieee.org/conferences/publishing/templates.html,IEEE Conference Proceedings Formatting Guidelines,"official project, standards, publisher, or package page","included because cited in main.bbl; checked for non-placeholder key, nonempty title, and DOI/URL or stable venue metadata"
jia2011mutation,article,doi,10.1109/TSE.2010.62,An Analysis and Survey of the Development of Mutation Testing,DOI/Crossref or publisher metadata target,"included because cited in main.bbl; checked for non-placeholder key, nonempty title, and DOI/URL or stable venue metadata"
just2014mutants,inproceedings,doi,10.1145/2610384.2628055,Defects4J: A Database of Existing Faults to Enable Controlled Testing Studies for Java Programs,DOI/Crossref or publisher metadata target,"included because cited in main.bbl; checked for non-placeholder key, nonempty title, and DOI/URL or stable venue metadata"
khurshid2003testera,inproceedings,venue_metadata,inproceedings:TestEra: Specification-Based Testing of Java Programs Using SAT,TestEra: Specification-Based Testing of Java Programs Using SAT,stable venue/proceedings metadata; no DOI/URL field in BibTeX,"included because cited in main.bbl; checked for non-placeholder key, nonempty title, and DOI/URL or stable venue metadata"
king1976symbolic,article,doi,10.1145/360248.360252,Symbolic Execution and Program Testing,DOI/Crossref or publisher metadata target,"included because cited in main.bbl; checked for non-placeholder key, nonempty title, and DOI/URL or stable venue metadata"
le2014emi,inproceedings,doi,10.1145/2594291.2594334,Compiler Validation via Equivalence Modulo Inputs,DOI/Crossref or publisher metadata target,"included because cited in main.bbl; checked for non-placeholder key, nonempty title, and DOI/URL or stable venue metadata"
li2008xacmlmultiple,inproceedings,doi,10.1145/1390832.1390837,Multiple-Implementation Testing for XACML Implementations,DOI/Crossref or publisher metadata target,"included because cited in main.bbl; checked for non-placeholder key, nonempty title, and DOI/URL or stable venue metadata"
mansur2023datalog,inproceedings,doi,10.1145/3597926.3598052,Dependency-Aware Metamorphic Testing of Datalog Engines,DOI/Crossref or publisher metadata target,"included because cited in main.bbl; checked for non-placeholder key, nonempty title, and DOI/URL or stable venue metadata"
martin2006coverage,inproceedings,doi,10.1007/11935308_11,Defining and Measuring Policy Coverage in Testing Access Control Policies,DOI/Crossref or publisher metadata target,"included because cited in main.bbl; checked for non-placeholder key, nonempty title, and DOI/URL or stable venue metadata"
martin2007changeimpact,inproceedings,doi,10.1109/SESS.2007.5,Automated Test Generation for Access Control Policies via Change-Impact Analysis,DOI/Crossref or publisher metadata target,"included because cited in main.bbl; checked for non-placeholder key, nonempty title, and DOI/URL or stable venue metadata"
martin2008quality,inproceedings,doi,10.1109/ACSAC.2008.48,Assessing Quality of Policy Properties in Verification of Access Control Policies,DOI/Crossref or publisher metadata target,"included because cited in main.bbl; checked for non-placeholder key, nonempty title, and DOI/URL or stable venue metadata"
mckeeman1998differential,inproceedings,url,https://www.hpl.hp.com/hpjournal/dtj/vol10num1/vol10num1art9.pdf,Differential Testing for Software,"official project, standards, publisher, or package page","included because cited in main.bbl; checked for non-placeholder key, nonempty title, and DOI/URL or stable venue metadata"
muttakin2026openscience,article,url,https://arxiv.org/abs/2601.02066,The State of Open Science in Software Engineering Research: A Case Study of ICSE Artifacts,"official project, standards, publisher, or package page","included because cited in main.bbl; checked for non-placeholder key, nonempty title, and DOI/URL or stable venue metadata"
nie2011survey,article,doi,10.1145/1883612.1883618,A Survey of Combinatorial Testing,DOI/Crossref or publisher metadata target,"included because cited in main.bbl; checked for non-placeholder key, nonempty title, and DOI/URL or stable venue metadata"
nist800162,techreport,doi,10.6028/NIST.SP.800-162,Guide to Attribute Based Access Control (ABAC) Definition and Considerations,DOI/Crossref or publisher metadata target,"included because cited in main.bbl; checked for non-placeholder key, nonempty title, and DOI/URL or stable venue metadata"
nist800192,techreport,doi,10.6028/NIST.SP.800-192,Verification and Test Methods for Access Control Policies/Models,DOI/Crossref or publisher metadata target,"included because cited in main.bbl; checked for non-placeholder key, nonempty title, and DOI/URL or stable venue metadata"
oasis2013xacml,misc,url,https://docs.oasis-open.org/xacml/3.0/xacml-3.0-core-spec-os-en.html,eXtensible Access Control Markup Language Version 3.0 Core Specification,"official project, standards, publisher, or package page","included because cited in main.bbl; checked for non-placeholder key, nonempty title, and DOI/URL or stable venue metadata"
opa_backwards,misc,url,https://www.openpolicyagent.org/docs/policy-reference/#backwards-compatibility,Backwards Compatibility,"official project, standards, publisher, or package page","included because cited in main.bbl; checked for non-placeholder key, nonempty title, and DOI/URL or stable venue metadata"
opa_cli_docs,misc,url,https://www.openpolicyagent.org/docs/cli,OPA CLI Reference,"official project, standards, publisher, or package page","included because cited in main.bbl; checked for non-placeholder key, nonempty title, and DOI/URL or stable venue metadata"
opa_language_docs,misc,url,https://www.openpolicyagent.org/docs/policy-language,Policy Language,"official project, standards, publisher, or package page","included because cited in main.bbl; checked for non-placeholder key, nonempty title, and DOI/URL or stable venue metadata"
opa_policy_reference,misc,url,https://www.openpolicyagent.org/docs/policy-reference,Policy Reference,"official project, standards, publisher, or package page","included because cited in main.bbl; checked for non-placeholder key, nonempty title, and DOI/URL or stable venue metadata"
opa_policy_testing,misc,url,https://www.openpolicyagent.org/docs/policy-testing,Policy Testing,"official project, standards, publisher, or package page","included because cited in main.bbl; checked for non-placeholder key, nonempty title, and DOI/URL or stable venue metadata"
opa_release1171,misc,url,https://github.com/open-policy-agent/opa/releases/tag/v1.17.1,OPA Release v1.17.1,"official project, standards, publisher, or package page","included because cited in main.bbl; checked for non-placeholder key, nonempty title, and DOI/URL or stable venue metadata"
openfga_docs,misc,url,https://openfga.dev/docs,OpenFGA Documentation,"official project, standards, publisher, or package page","included because cited in main.bbl; checked for non-placeholder key, nonempty title, and DOI/URL or stable venue metadata"
pang2019zanzibar,inproceedings,url,https://www.usenix.org/conference/atc19/presentation/pang,"Zanzibar: Google's Consistent, Global Authorization System","official project, standards, publisher, or package page","included because cited in main.bbl; checked for non-placeholder key, nonempty title, and DOI/URL or stable venue metadata"
papadakis2019mutation,incollection,doi,10.1016/bs.adcom.2018.03.015,Mutation Testing Advances: An Analysis and Survey,DOI/Crossref or publisher metadata target,"included because cited in main.bbl; checked for non-placeholder key, nonempty title, and DOI/URL or stable venue metadata"
person2008differential,inproceedings,doi,10.1145/1453101.1453131,Differential Symbolic Execution,DOI/Crossref or publisher metadata target,"included because cited in main.bbl; checked for non-placeholder key, nonempty title, and DOI/URL or stable venue metadata"
petsios2017nezha,inproceedings,doi,10.1109/SP.2017.27,NEZHA: Efficient Domain-Independent Differential Testing,DOI/Crossref or publisher metadata target,"included because cited in main.bbl; checked for non-placeholder key, nonempty title, and DOI/URL or stable venue metadata"
pretschner2008model,inproceedings,doi,10.1109/ICST.2008.44,Model-Based Tests for Access Control Policies,DOI/Crossref or publisher metadata target,"included because cited in main.bbl; checked for non-placeholder key, nonempty title, and DOI/URL or stable venue metadata"
pycasbin_pypi,misc,url,https://pypi.org/project/pycasbin/2.8.0/,pycasbin 2.8.0,"official project, standards, publisher, or package page","included because cited in main.bbl; checked for non-placeholder key, nonempty title, and DOI/URL or stable venue metadata"
sandhu1996rbac,article,doi,10.1109/2.485845,Role-Based Access Control Models,DOI/Crossref or publisher metadata target,"included because cited in main.bbl; checked for non-placeholder key, nonempty title, and DOI/URL or stable venue metadata"
segura2016survey,article,doi,10.1109/TSE.2016.2532875,A Survey on Metamorphic Testing,DOI/Crossref or publisher metadata target,"included because cited in main.bbl; checked for non-placeholder key, nonempty title, and DOI/URL or stable venue metadata"
sen2005cute,inproceedings,doi,10.1145/1081706.1081750,CUTE: A Concolic Unit Testing Engine for C,DOI/Crossref or publisher metadata target,"included because cited in main.bbl; checked for non-placeholder key, nonempty title, and DOI/URL or stable venue metadata"
spicedb_docs,misc,url,https://authzed.com/docs/spicedb,SpiceDB Documentation,"official project, standards, publisher, or package page","included because cited in main.bbl; checked for non-placeholder key, nonempty title, and DOI/URL or stable venue metadata"
taneja2010diffgen,inproceedings,doi,10.1145/1858996.1859079,DiffGen: Automated Regression Unit-Test Generation,DOI/Crossref or publisher metadata target,"included because cited in main.bbl; checked for non-placeholder key, nonempty title, and DOI/URL or stable venue metadata"
weintraub2025professorx,inproceedings,doi,10.1145/3734436.3734446,ProfessorX: Detecting Silent Vulnerabilities in Policy Engine Implementations,DOI/Crossref or publisher metadata target,"included because cited in main.bbl; checked for non-placeholder key, nonempty title, and DOI/URL or stable venue metadata"
wu2026restricter,inproceedings,doi,10.1007/978-3-032-22752-2_6,Automatically Tightening Access Control Policies with Restricter,DOI/Crossref or publisher metadata target,"included because cited in main.bbl; checked for non-placeholder key, nonempty title, and DOI/URL or stable venue metadata"
yang2011csmith,inproceedings,doi,10.1145/1993498.1993532,Finding and Understanding Bugs in C Compilers,DOI/Crossref or publisher metadata target,"included because cited in main.bbl; checked for non-placeholder key, nonempty title, and DOI/URL or stable venue metadata"
